date,stkcd,prc,ret,mktcap,vol,company
2023-10-09,000333,55.76,0.005047,391601640.87,28659545.0,美的集团 Midea
2023-10-10,000333,54.77,-0.017755,384648885.77,21499637.0,美的集团 Midea
2023-10-11,000333,54.77,0.0,384648885.77,20418379.0,美的集团 Midea
2023-10-12,000333,55.28,0.009312,388230608.09,17604242.0,美的集团 Midea
2023-10-13,000333,54.99,-0.005246,386193942.46,12996004.0,美的集团 Midea
2023-10-16,000333,55.08,0.001637,386826011.1,15020214.0,美的集团 Midea
2023-10-17,000333,55.88,0.014524,392444399.06,16830158.0,美的集团 Midea
2023-10-18,000333,55.47,-0.007337,389564975.23,10637084.0,美的集团 Midea
2023-10-19,000333,54.23,-0.022354,380856473.89,20196084.0,美的集团 Midea
2023-10-20,000333,53.18,-0.019362,373482339.69,21089804.0,美的集团 Midea
2023-10-23,000333,53.25,0.001316,373973948.64,16864366.0,美的集团 Midea
2023-10-24,000333,53.18,-0.001315,373482339.69,25019782.0,美的集团 Midea
2023-10-25,000333,52.42,-0.014291,368144871.13,25856546.0,美的集团 Midea
2023-10-26,000333,52.51,0.001717,368776939.78,15165512.0,美的集团 Midea
2023-10-27,000333,53.74,0.023424,377415211.27,25318794.0,美的集团 Midea
2023-10-30,000333,54.5,0.014142,382752679.83,16488474.0,美的集团 Midea
2023-10-31,000333,52.92,-0.028991,371656363.61,23807212.0,美的集团 Midea
2023-11-01,000333,53.01,0.001701,372288432.25,18933823.0,美的集团 Midea
2023-11-02,000333,53.18,0.003207,373482339.69,20085478.0,美的集团 Midea
2023-11-03,000333,52.8,-0.007146,370813605.41,17740644.0,美的集团 Midea
2023-11-06,000333,53.14,0.006439,373201420.3,24918224.0,美的集团 Midea
2023-11-07,000333,53.1,-0.000753,372920500.9,18898188.0,美的集团 Midea
2023-11-08,000333,52.85,-0.004708,371164754.66,21385728.0,美的集团 Midea
2023-11-09,000333,52.45,-0.007569,368355560.68,14146893.0,美的集团 Midea
2023-11-10,000333,52.7,0.004766,370111306.92,13027077.0,美的集团 Midea
2023-11-13,000333,51.06,-0.03112,358656417.9,38291558.0,美的集团 Midea
2023-11-14,000333,51.09,0.000588,358867144.35,24802793.0,美的集团 Midea
2023-11-15,000333,51.54,0.008808,362028041.1,19636284.0,美的集团 Midea
2023-11-16,000333,51.75,0.004075,363503126.25,21605533.0,美的集团 Midea
2023-11-17,000333,51.86,0.002126,364275789.9,13513422.0,美的集团 Midea
2023-11-20,000333,52.43,0.010991,368279592.45,18219075.0,美的集团 Midea
2023-11-21,000333,52.45,0.000381,368420076.75,15845902.0,美的集团 Midea
2023-11-22,000333,52.15,-0.00572,366312812.25,9786906.0,美的集团 Midea
2023-11-23,000333,52.76,0.011697,370597583.4,10103351.0,美的集团 Midea
2023-11-24,000333,52.48,-0.005307,368630803.2,15724530.0,美的集团 Midea
2023-11-27,000333,51.97,-0.009718,365048453.55,15922506.0,美的集团 Midea
2023-11-28,000333,52.53,0.010775,368982013.95,21787637.0,美的集团 Midea
2023-11-29,000333,52.01,-0.009899,365329422.15,12426538.0,美的集团 Midea
2023-11-30,000333,51.67,-0.006537,362941189.05,12861862.0,美的集团 Midea
2023-12-01,000333,50.55,-0.021676,355093398.97,31604983.0,美的集团 Midea
2023-12-04,000333,50.09,-0.0091,351862084.17,22058672.0,美的集团 Midea
2023-12-05,000333,49.22,-0.017369,345750684.42,22510318.0,美的集团 Midea
2023-12-06,000333,49.18,-0.000813,345469700.53,19114114.0,美的集团 Midea
2023-12-07,000333,50.22,0.021147,352775281.83,25021860.0,美的集团 Midea
2023-12-08,000333,50.34,0.002389,353618233.52,21811340.0,美的集团 Midea
2023-12-11,000333,51.02,0.013508,358394959.76,25201467.0,美的集团 Midea
2023-12-12,000333,51.0,-0.000392,358254467.81,17204815.0,美的集团 Midea
2023-12-13,000333,50.69,-0.006078,356076842.61,12858695.0,美的集团 Midea
2023-12-14,000333,50.89,0.003946,357481762.09,16563410.0,美的集团 Midea
2023-12-15,000333,50.33,-0.011004,353547987.54,20470155.0,美的集团 Midea
2023-12-18,000333,51.09,0.0151,358886681.57,22307469.0,美的集团 Midea
2023-12-19,000333,50.75,-0.006655,356498318.46,16954533.0,美的集团 Midea
2023-12-20,000333,51.03,0.005517,358465205.73,25417029.0,美的集团 Midea
2023-12-21,000333,52.02,0.0194,365419557.16,27421212.0,美的集团 Midea
2023-12-22,000333,52.77,0.014418,370688005.22,22728114.0,美的集团 Midea
2023-12-25,000333,52.67,-0.001895,369985545.48,11314960.0,美的集团 Midea
2023-12-26,000333,52.8,0.002468,370898743.14,16152328.0,美的集团 Midea
2023-12-27,000333,53.6,0.015152,376518421.07,20306883.0,美的集团 Midea
2023-12-28,000333,54.05,0.008396,379679489.9,24728048.0,美的集团 Midea
2023-12-29,000333,54.63,0.010731,383753756.4,25937253.0,美的集团 Midea
2024-01-02,000333,54.56,-0.001281,383262034.58,23905697.0,美的集团 Midea
2024-01-03,000333,54.45,-0.002016,382489328.87,20689673.0,美的集团 Midea
2024-01-04,000333,55.25,0.014692,388109006.79,26702502.0,美的集团 Midea
2024-01-05,000333,55.6,0.006335,390567615.88,30042877.0,美的集团 Midea
2024-01-08,000333,55.0,-0.010791,386352857.44,27809739.0,美的集团 Midea
2024-01-09,000333,55.17,0.003091,387547039.0,21607041.0,美的集团 Midea
2024-01-10,000333,55.22,0.000906,387898268.87,17820813.0,美的集团 Midea
2024-01-11,000333,55.0,-0.003984,386352857.44,21236920.0,美的集团 Midea
2024-01-12,000333,55.0,0.0,386485221.16,24361080.0,美的集团 Midea
2024-01-15,000333,55.88,0.016,392668984.69,19124097.0,美的集团 Midea
2024-01-16,000333,56.92,0.018611,399977068.88,33730399.0,美的集团 Midea
2024-01-17,000333,56.37,-0.009663,396112216.66,26914126.0,美的集团 Midea
2024-01-18,000333,56.4,0.000532,396323026.78,39023100.0,美的集团 Midea
2024-01-19,000333,56.14,-0.00461,394496005.74,29937004.0,美的集团 Midea
2024-01-22,000333,55.34,-0.01425,388874402.52,35980322.0,美的集团 Midea
2024-01-23,000333,56.38,0.018793,396182486.7,28848518.0,美的集团 Midea
2024-01-24,000333,57.19,0.014367,401874359.96,26463721.0,美的集团 Midea
2024-01-25,000333,56.35,-0.014688,395971676.58,24963629.0,美的集团 Midea
2024-01-26,000333,57.51,0.020586,404123001.25,32745737.0,美的集团 Midea
2024-01-29,000333,58.69,0.020518,412414865.99,37498736.0,美的集团 Midea
2024-01-30,000333,58.22,-0.008008,409112174.1,27373299.0,美的集团 Midea
2024-01-31,000333,58.25,0.000515,409322984.22,25544153.0,美的集团 Midea
2024-02-01,000333,58.81,0.009614,413258106.48,30340175.0,美的集团 Midea
2024-02-02,000333,58.25,-0.009522,409322984.22,28950504.0,美的集团 Midea
2024-02-05,000333,59.45,0.020601,417755389.05,46160268.0,美的集团 Midea
2024-02-06,000333,59.95,0.00841,421268891.06,37946385.0,美的集团 Midea
2024-02-07,000333,61.11,0.019349,429420215.72,46195919.0,美的集团 Midea
2024-02-08,000333,60.29,-0.013418,419723845.82,34723180.0,美的集团 Midea
2024-02-19,000333,60.6,0.005142,421881988.01,35695854.0,美的集团 Midea
2024-02-20,000333,61.7,0.018152,429539911.88,29630917.0,美的集团 Midea
2024-02-21,000333,61.71,0.000162,429609529.37,27797182.0,美的集团 Midea
2024-02-22,000333,61.35,-0.005834,427103299.74,19259055.0,美的集团 Midea
2024-02-23,000333,59.62,-0.028199,415059474.01,43093597.0,美的集团 Midea
2024-02-26,000333,60.3,0.011406,419793463.31,34097731.0,美的集团 Midea
2024-02-27,000333,61.92,0.026866,431071496.66,28014795.0,美的集团 Midea
2024-02-28,000333,61.82,-0.001615,430375321.76,25367364.0,美的集团 Midea
2024-02-29,000333,62.63,0.013103,436014338.43,48920998.0,美的集团 Midea
2024-03-01,000333,64.47,0.029379,448823956.55,32844906.0,美的集团 Midea
2024-03-04,000333,64.6,0.002016,449728983.91,37384392.0,美的集团 Midea
2024-03-05,000333,65.04,0.006811,452792153.46,35525326.0,美的集团 Midea
2024-03-06,000333,64.51,-0.008149,449102426.51,21923001.0,美的集团 Midea
2024-03-07,000333,65.8,0.019997,458083082.69,30634033.0,美的集团 Midea
2024-03-08,000333,66.1,0.004559,460708508.66,26125410.0,美的集团 Midea
2024-03-11,000333,65.42,-0.010287,455968996.02,28027002.0,美的集团 Midea
2024-03-12,000333,64.13,-0.019719,446977861.73,50739915.0,美的集团 Midea
2024-03-13,000333,64.07,-0.000936,446559669.44,32723164.0,美的集团 Midea
2024-03-14,000333,64.5,0.006711,449556714.2,31531677.0,美的集团 Midea
2024-03-15,000333,64.02,-0.007442,446211175.86,25463904.0,美的集团 Midea
2024-03-18,000333,62.36,-0.025929,434641189.11,42501113.0,美的集团 Midea
2024-03-19,000333,62.6,0.003849,436313958.28,29794618.0,美的集团 Midea
2024-03-20,000333,61.88,-0.011502,431295650.77,37790890.0,美的集团 Midea
2024-03-21,000333,60.55,-0.021493,422025721.63,39189153.0,美的集团 Midea
2024-03-22,000333,62.62,0.034187,436453355.71,43156777.0,美的集团 Midea
2024-03-25,000333,62.9,0.004471,438347000.54,26903326.0,美的集团 Midea
2024-03-26,000333,62.72,-0.002862,437092589.41,25353749.0,美的集团 Midea
2024-03-27,000333,63.67,0.015147,443713092.6,34842794.0,美的集团 Midea
2024-03-28,000333,64.58,0.014292,450054837.76,45185411.0,美的集团 Midea
2024-03-29,000333,64.22,-0.005574,447546015.5,25468858.0,美的集团 Midea
2024-04-01,000333,66.22,0.031143,461483916.94,32771225.0,美的集团 Midea
2024-04-02,000333,66.25,0.000453,461692985.47,22653632.0,美的集团 Midea
2024-04-03,000333,66.73,0.007245,465038081.81,20626495.0,美的集团 Midea
2024-04-08,000333,65.32,-0.02113,455211861.29,32434492.0,美的集团 Midea
2024-04-09,000333,65.04,-0.004287,453260555.09,19478279.0,美的集团 Midea
2024-04-10,000333,65.17,0.001999,454166518.68,18081970.0,美的集团 Midea
2024-04-11,000333,65.07,-0.001534,453469623.61,19004769.0,美的集团 Midea
2024-04-12,000333,64.89,-0.002766,452215212.48,21734388.0,美的集团 Midea
2024-04-15,000333,66.84,0.030051,465804666.39,31783741.0,美的集团 Midea
2024-04-16,000333,68.31,0.021993,476049023.96,39191380.0,美的集团 Midea
2024-04-17,000333,68.58,0.003953,477930640.65,24549649.0,美的集团 Midea
2024-04-18,000333,70.0,0.020706,487826550.68,39542136.0,美的集团 Midea
2024-04-19,000333,70.0,0.0,487826550.68,28812335.0,美的集团 Midea
2024-04-22,000333,69.98,-0.000286,487687171.67,28943754.0,美的集团 Midea
2024-04-23,000333,68.39,-0.022721,476606540.01,38217940.0,美的集团 Midea
2024-04-24,000333,67.9,-0.007165,473191754.16,30783047.0,美的集团 Midea
2024-04-25,000333,68.24,0.005007,475561197.41,22033298.0,美的集团 Midea
2024-04-26,000333,68.37,0.001905,476467161.0,24225747.0,美的集团 Midea
2024-04-29,000333,68.2,-0.002486,475282439.38,33226398.0,美的集团 Midea
2024-04-30,000333,69.78,0.023167,486293381.52,57131843.0,美的集团 Midea
2024-05-06,000333,71.01,0.017627,494865190.91,46179914.0,美的集团 Midea
2024-05-07,000333,71.1,0.001267,495492396.48,30431457.0,美的集团 Midea
2024-05-08,000333,70.75,-0.004923,493053263.72,17661960.0,美的集团 Midea
2024-05-09,000333,71.85,0.015548,500719109.52,28571831.0,美的集团 Midea
2024-05-10,000333,71.88,0.000418,500928178.04,22487905.0,美的集团 Midea
2024-05-13,000333,72.71,0.011547,506712407.14,27167410.0,美的集团 Midea
2024-05-14,000333,70.84,-0.025719,493680469.29,39923610.0,美的集团 Midea
2024-05-15,000333,69.76,0.027103,486154002.51,30189455.0,美的集团 Midea
2024-05-16,000333,69.34,-0.006021,483227043.2,24600403.0,美的集团 Midea
2024-05-17,000333,68.03,-0.018892,474097717.75,41848256.0,美的集团 Midea
2024-05-20,000333,66.57,-0.021461,463923049.7,42643037.0,美的集团 Midea
2024-05-21,000333,66.55,-0.0003,463783670.68,24358794.0,美的集团 Midea
2024-05-22,000333,65.41,-0.01713,455839066.86,26105215.0,美的集团 Midea
2024-05-23,000333,65.74,0.005045,458138820.6,24096149.0,美的集团 Midea
2024-05-24,000333,66.62,0.013386,464271497.23,25926968.0,美的集团 Midea
2024-05-27,000333,67.59,0.01456,471031379.44,30546219.0,美的集团 Midea
2024-05-28,000333,67.03,-0.008285,467128767.03,19173667.0,美的集团 Midea
2024-05-29,000333,65.85,-0.017604,458905405.18,24132098.0,美的集团 Midea
2024-05-30,000333,65.18,-0.010175,454236208.19,19358623.0,美的集团 Midea
2024-05-31,000333,64.76,-0.006444,451309248.89,26129419.0,美的集团 Midea
2024-06-03,000333,65.02,0.004015,453121176.07,35755629.0,美的集团 Midea
2024-06-04,000333,64.68,-0.005229,450751732.83,30621198.0,美的集团 Midea
2024-06-05,000333,63.92,-0.01175,445455330.28,28331925.0,美的集团 Midea
2024-06-06,000333,65.76,0.028786,458278199.61,43603719.0,美的集团 Midea
2024-06-07,000333,65.16,-0.009124,454096829.18,40064590.0,美的集团 Midea
2024-06-11,000333,65.0,-0.002455,452981797.06,33689664.0,美的集团 Midea
2024-06-12,000333,65.16,0.002462,454096829.18,25707199.0,美的集团 Midea
2024-06-13,000333,63.92,-0.01903,445455330.28,27485047.0,美的集团 Midea
2024-06-14,000333,65.61,0.026439,457965396.19,37924447.0,美的集团 Midea
2024-06-17,000333,64.53,-0.016461,450426871.15,25335808.0,美的集团 Midea
2024-06-18,000333,64.84,0.004804,452590707.05,21867469.0,美的集团 Midea
2024-06-19,000333,64.0,-0.012955,446727409.79,34699957.0,美的集团 Midea
2024-06-20,000333,64.47,0.007344,450008064.21,28085788.0,美的集团 Midea
2024-06-21,000333,63.95,-0.008066,446378404.0,24153669.0,美的集团 Midea
2024-06-24,000333,64.88,0.014543,452869911.68,30799053.0,美的集团 Midea
2024-06-25,000333,65.29,0.006319,455731759.15,25309206.0,美的集团 Midea
2024-06-26,000333,64.25,-0.015929,448472438.74,23831407.0,美的集团 Midea
2024-06-27,000333,64.1,-0.002335,447425421.37,27409461.0,美的集团 Midea
2024-06-28,000333,64.5,0.00624,450217467.68,25195612.0,美的集团 Midea
2024-07-01,000333,64.09,-0.006357,447355620.21,19528313.0,美的集团 Midea
2024-07-02,000333,63.0,-0.017007,439747294.01,29181345.0,美的集团 Midea
2024-07-03,000333,63.03,0.000476,439956697.49,18120842.0,美的集团 Midea
2024-07-04,000333,64.6,0.024909,450915479.26,27753098.0,美的集团 Midea
2024-07-05,000333,64.0,-0.009288,446727409.79,26479582.0,美的集团 Midea
2024-07-08,000333,64.23,0.003594,448336164.11,19443576.0,美的集团 Midea
2024-07-09,000333,64.1,-0.002024,447428742.33,21664464.0,美的集团 Midea
2024-07-10,000333,63.81,-0.004524,445404493.73,15846909.0,美的集团 Midea
2024-07-11,000333,63.9,0.00141,446032708.81,27182655.0,美的集团 Midea
2024-07-12,000333,65.0,0.017214,453710893.16,24574092.0,美的集团 Midea
2024-07-15,000333,64.94,-0.000923,453292083.1,17045913.0,美的集团 Midea
2024-07-16,000333,64.27,-0.010317,448615370.82,20406778.0,美的集团 Midea
2024-07-17,000333,62.83,-0.022405,438563929.49,46462849.0,美的集团 Midea
2024-07-18,000333,63.9,0.01703,446159849.81,34532462.0,美的集团 Midea
2024-07-19,000333,63.6,-0.004695,444065202.63,21796963.0,美的集团 Midea
2024-07-22,000333,63.63,0.000472,444274667.34,19930345.0,美的集团 Midea
2024-07-23,000333,62.38,-0.019645,435741405.66,18537845.0,美的集团 Midea
2024-07-24,000333,60.08,-0.036871,419675274.96,45547336.0,美的集团 Midea
2024-07-25,000333,59.4,-0.011318,414925288.49,30109151.0,美的集团 Midea
2024-07-26,000333,62.84,0.057912,438954631.8,57740171.0,美的集团 Midea
2024-07-29,000333,62.88,0.000637,439234042.76,20712828.0,美的集团 Midea
2024-07-30,000333,61.06,-0.028944,426520843.69,22575846.0,美的集团 Midea
2024-07-31,000333,63.76,0.044219,445381084.08,40174739.0,美的集团 Midea
2024-08-01,000333,63.58,-0.002823,444123734.72,24406833.0,美的集团 Midea
2024-08-02,000333,62.99,-0.00928,440002422.93,20261524.0,美的集团 Midea
2024-08-05,000333,61.65,-0.021273,430642155.48,35476754.0,美的集团 Midea
2024-08-06,000333,59.92,-0.028062,418557631.08,38493182.0,美的集团 Midea
2024-08-07,000333,60.7,0.013017,424006144.97,25298592.0,美的集团 Midea
2024-08-08,000333,60.96,0.004283,425822316.27,14231910.0,美的集团 Midea
2024-08-09,000333,60.5,-0.007546,422609090.13,13802375.0,美的集团 Midea
2024-08-12,000333,61.38,0.014545,428756131.44,16949235.0,美的集团 Midea
2024-08-13,000333,61.36,-0.000326,428616425.96,9835074.0,美的集团 Midea
2024-08-14,000333,60.9,-0.007497,425403199.82,11227780.0,美的集团 Midea
2024-08-15,000333,61.0,0.001642,426101727.24,19163262.0,美的集团 Midea
2024-08-16,000333,61.74,0.012131,431270830.16,18066988.0,美的集团 Midea
2024-08-19,000333,62.36,0.010042,435601700.17,17275349.0,美的集团 Midea
2024-08-20,000333,63.02,0.010584,440211981.16,25780974.0,美的集团 Midea
2024-08-21,000333,63.16,0.002222,441189919.55,21187130.0,美的集团 Midea
2024-08-22,000333,64.09,0.014725,447686224.57,24978743.0,美的集团 Midea
2024-08-23,000333,65.46,0.021376,457256050.24,29047135.0,美的集团 Midea
2024-08-26,000333,66.32,0.013138,463263386.07,33958151.0,美的集团 Midea
2024-08-27,000333,65.99,-0.004976,460958245.58,24113793.0,美的集团 Midea
2024-08-28,000333,64.93,-0.016063,453553854.91,26542959.0,美的集团 Midea
2024-08-29,000333,63.95,-0.015093,446708286.18,23285563.0,美的集团 Midea
2024-08-30,000333,64.75,0.01251,452296505.55,33386334.0,美的集团 Midea
2023-10-09,002475,31.21,0.046613,222597566.63,65072303.0,立讯精密 Luxshare
2023-10-10,002475,30.96,-0.00801,221284282.77,38217229.0,立讯精密 Luxshare
2023-10-11,002475,31.82,0.027778,227431068.4,55629843.0,立讯精密 Luxshare
2023-10-12,002475,32.1,0.008799,229432347.44,36150069.0,立讯精密 Luxshare
2023-10-13,002475,31.95,-0.004673,228360233.67,38753915.0,立讯精密 Luxshare
2023-10-16,002475,31.82,-0.004069,227431068.4,38156831.0,立讯精密 Luxshare
2023-10-17,002475,31.65,-0.005343,226216006.12,36870564.0,立讯精密 Luxshare
2023-10-18,002475,31.7,0.00158,226573377.38,28479927.0,立讯精密 Luxshare
2023-10-19,002475,31.01,-0.021767,221641654.03,42308154.0,立讯精密 Luxshare
2023-10-20,002475,30.71,-0.009674,219497426.48,26233866.0,立讯精密 Luxshare
2023-10-23,002475,31.62,0.029632,226001583.37,72228776.0,立讯精密 Luxshare
2023-10-24,002475,31.34,-0.008855,224000304.33,64979522.0,立讯精密 Luxshare
2023-10-25,002475,31.16,-0.005743,222713767.8,46601324.0,立讯精密 Luxshare
2023-10-26,002475,31.22,0.001926,223142613.31,39629322.0,立讯精密 Luxshare
2023-10-27,002475,32.0,0.024984,228717604.93,55019264.0,立讯精密 Luxshare
2023-10-30,002475,33.78,0.055625,241440021.7,106000719.0,立讯精密 Luxshare
2023-10-31,002475,32.77,-0.029899,234221122.3,65928196.0,立讯精密 Luxshare
2023-11-01,002475,32.24,-0.016173,230432986.96,46803522.0,立讯精密 Luxshare
2023-11-02,002475,31.52,-0.022333,225286840.85,46989612.0,立讯精密 Luxshare
2023-11-03,002475,32.0,0.015228,228717604.93,60830167.0,立讯精密 Luxshare
2023-11-06,002475,33.3,0.040625,238009257.63,93073248.0,立讯精密 Luxshare
2023-11-07,002475,32.85,-0.013514,234792916.31,74514867.0,立讯精密 Luxshare
2023-11-08,002475,32.6,-0.00761,233006060.02,62117582.0,立讯精密 Luxshare
2023-11-09,002475,31.92,-0.020859,228145810.92,61543504.0,立讯精密 Luxshare
2023-11-10,002475,32.41,0.015351,231648049.24,52254392.0,立讯精密 Luxshare
2023-11-13,002475,32.02,-0.012033,228860553.43,43383761.0,立讯精密 Luxshare
2023-11-14,002475,31.89,-0.00406,227931388.16,44106886.0,立讯精密 Luxshare
2023-11-15,002475,32.67,0.024459,233506379.78,61930570.0,立讯精密 Luxshare
2023-11-16,002475,32.31,-0.011019,230933306.73,46262168.0,立讯精密 Luxshare
2023-11-17,002475,31.9,-0.01269,228002862.41,49733212.0,立讯精密 Luxshare
2023-11-20,002475,31.15,-0.023511,222642293.55,75977953.0,立讯精密 Luxshare
2023-11-21,002475,30.71,-0.014125,219497426.48,60225979.0,立讯精密 Luxshare
2023-11-22,002475,30.18,-0.017258,215709291.15,58797886.0,立讯精密 Luxshare
2023-11-23,002475,30.89,0.023526,220783963.01,62393127.0,立讯精密 Luxshare
2023-11-24,002475,31.06,0.005503,221999025.28,48993346.0,立讯精密 Luxshare
2023-11-27,002475,31.69,0.020283,226501903.13,69871231.0,立讯精密 Luxshare
2023-11-28,002475,31.74,0.001578,226859274.39,41855021.0,立讯精密 Luxshare
2023-11-29,002475,31.8,0.00189,227288119.9,32668976.0,立讯精密 Luxshare
2023-11-30,002475,31.83,0.000943,227502542.65,33152484.0,立讯精密 Luxshare
2023-12-01,002475,31.36,-0.014766,224143252.83,37640594.0,立讯精密 Luxshare
2023-12-04,002475,30.99,-0.011798,221498705.52,34765586.0,立讯精密 Luxshare
2023-12-05,002475,30.4,-0.019038,217281724.68,35032780.0,立讯精密 Luxshare
2023-12-06,002475,30.29,-0.003618,216495507.91,46601180.0,立讯精密 Luxshare
2023-12-07,002475,29.91,-0.012545,213779486.36,41080860.0,立讯精密 Luxshare
2023-12-08,002475,30.89,0.032765,220783963.01,55884829.0,立讯精密 Luxshare
2023-12-11,002475,31.43,0.017481,224643572.59,42496142.0,立讯精密 Luxshare
2023-12-12,002475,32.0,0.018136,228717604.93,54764173.0,立讯精密 Luxshare
2023-12-13,002475,31.78,-0.006875,227145171.39,35884954.0,立讯精密 Luxshare
2023-12-14,002475,31.49,-0.009125,225072418.1,32631672.0,立讯精密 Luxshare
2023-12-15,002475,31.73,0.007621,226787800.14,49878085.0,立讯精密 Luxshare
2023-12-18,002475,31.95,0.006934,228360233.67,43898025.0,立讯精密 Luxshare
2023-12-19,002475,32.5,0.017214,232291317.51,50691406.0,立讯精密 Luxshare
2023-12-20,002475,32.67,0.005231,233506379.78,54991879.0,立讯精密 Luxshare
2023-12-21,002475,32.58,-0.002755,232863111.52,43435458.0,立讯精密 Luxshare
2023-12-22,002475,32.35,-0.00706,231219203.73,33180853.0,立讯精密 Luxshare
2023-12-25,002475,32.79,0.013601,234364070.8,27364752.0,立讯精密 Luxshare
2023-12-26,002475,32.25,-0.016468,230504461.22,26943133.0,立讯精密 Luxshare
2023-12-27,002475,32.61,0.011163,233077534.27,31640983.0,立讯精密 Luxshare
2023-12-28,002475,33.2,0.018093,237294515.11,49446331.0,立讯精密 Luxshare
2023-12-29,002475,34.45,0.037651,246228796.56,80296593.0,立讯精密 Luxshare
2024-01-02,002475,33.98,-0.013643,243319981.09,47135341.0,立讯精密 Luxshare
2024-01-03,002475,32.67,-0.038552,233939487.41,77036854.0,立讯精密 Luxshare
2024-01-04,002475,32.5,-0.005204,232722171.44,37764767.0,立讯精密 Luxshare
2024-01-05,002475,32.5,0.0,232722171.44,38630291.0,立讯精密 Luxshare
2024-01-08,002475,31.33,-0.036,224344173.26,42717314.0,立讯精密 Luxshare
2024-01-09,002475,31.46,0.004149,225275061.95,37069356.0,立讯精密 Luxshare
2024-01-10,002475,31.22,-0.007629,223556498.22,38505387.0,立讯精密 Luxshare
2024-01-11,002475,31.3,0.002562,224129352.8,52965789.0,立讯精密 Luxshare
2024-01-12,002475,30.6,-0.022364,219116875.26,56166163.0,立讯精密 Luxshare
2024-01-15,002475,30.68,0.002614,219689729.83,37287390.0,立讯精密 Luxshare
2024-01-16,002475,30.29,-0.012712,216897063.78,47749127.0,立讯精密 Luxshare
2024-01-17,002475,28.4,-0.062397,203363374.42,98052204.0,立讯精密 Luxshare
2024-01-18,002475,28.72,0.011268,205654792.73,64972329.0,立讯精密 Luxshare
2024-01-19,002475,29.34,0.021588,210094415.69,55332145.0,立讯精密 Luxshare
2024-01-22,002475,28.93,-0.013974,207158535.99,54209205.0,立讯精密 Luxshare
2024-01-23,002475,29.27,0.011753,209593167.94,55257836.0,立讯精密 Luxshare
2024-01-24,002475,29.05,-0.007516,208017817.85,49589962.0,立讯精密 Luxshare
2024-01-25,002475,29.13,0.002754,208590672.43,51852423.0,立讯精密 Luxshare
2024-01-26,002475,27.82,-0.044971,199210178.75,91775202.0,立讯精密 Luxshare
2024-01-29,002475,27.16,-0.023724,194484128.5,58346279.0,立讯精密 Luxshare
2024-01-30,002475,26.52,-0.023564,189901291.89,41576574.0,立讯精密 Luxshare
2024-01-31,002475,25.49,-0.038839,182525789.23,84855353.0,立讯精密 Luxshare
2024-02-01,002475,25.85,0.014123,185103634.82,54342080.0,立讯精密 Luxshare
2024-02-02,002475,25.63,-0.008511,183528284.73,61710704.0,立讯精密 Luxshare
2024-02-05,002475,26.98,0.052673,193195205.7,95097387.0,立讯精密 Luxshare
2024-02-06,002475,28.22,0.04596,202074451.63,80515312.0,立讯精密 Luxshare
2024-02-07,002475,28.23,0.000354,202146058.45,63385176.0,立讯精密 Luxshare
2024-02-08,002475,28.94,0.025151,207230142.81,61329176.0,立讯精密 Luxshare
2024-02-19,002475,27.49,-0.050104,196847153.62,128291954.0,立讯精密 Luxshare
2024-02-20,002475,26.98,-0.018552,193195205.7,111635211.0,立讯精密 Luxshare
2024-02-21,002475,27.47,0.018162,196703939.98,86538829.0,立讯精密 Luxshare
2024-02-22,002475,27.6,0.004732,197634828.66,60572042.0,立讯精密 Luxshare
2024-02-23,002475,27.16,-0.015942,194484128.5,104489905.0,立讯精密 Luxshare
2024-02-26,002475,27.43,0.009941,196417512.69,102153957.0,立讯精密 Luxshare
2024-02-27,002475,28.11,0.02479,201286776.59,110904231.0,立讯精密 Luxshare
2024-02-28,002475,27.17,-0.03344,194555735.32,128868824.0,立讯精密 Luxshare
2024-02-29,002475,27.58,0.01509,197762813.99,121373622.0,立讯精密 Luxshare
2024-03-01,002475,28.34,0.027556,203212405.67,137896433.0,立讯精密 Luxshare
2024-03-04,002475,28.01,-0.011644,200846135.6,116590007.0,立讯精密 Luxshare
2024-03-05,002475,28.19,0.006426,202136828.36,121381544.0,立讯精密 Luxshare
2024-03-06,002475,27.96,-0.008159,200487609.83,124821301.0,立讯精密 Luxshare
2024-03-07,002475,27.18,-0.027897,194894607.84,97554058.0,立讯精密 Luxshare
2024-03-08,002475,27.56,0.013981,197619403.68,85690500.0,立讯精密 Luxshare
2024-03-11,002475,28.26,0.025399,202638764.44,127592919.0,立讯精密 Luxshare
2024-03-12,002475,28.49,0.008139,204287982.98,103177865.0,立讯精密 Luxshare
2024-03-13,002475,28.25,-0.008424,202567059.29,61453704.0,立讯精密 Luxshare
2024-03-14,002475,27.56,-0.024425,197619403.68,88645752.0,立讯精密 Luxshare
2024-03-15,002475,27.77,0.00762,199125211.91,57163998.0,立讯精密 Luxshare
2024-03-18,002475,28.04,0.009723,201061251.06,91010663.0,立讯精密 Luxshare
2024-03-19,002475,29.46,0.050642,211243382.89,228672617.0,立讯精密 Luxshare
2024-03-20,002475,29.65,0.006449,212605780.81,177707139.0,立讯精密 Luxshare
2024-03-21,002475,29.73,0.002698,213179422.04,113120000.0,立讯精密 Luxshare
2024-03-22,002475,31.84,0.070972,228309209.48,239235815.0,立讯精密 Luxshare
2024-03-25,002475,30.47,-0.043028,218485603.42,157434103.0,立讯精密 Luxshare
2024-03-26,002475,30.95,0.015753,221927450.79,117003425.0,立讯精密 Luxshare
2024-03-27,002475,29.41,-0.049758,210884857.12,93305065.0,立讯精密 Luxshare
2024-03-28,002475,29.75,0.011561,213322832.35,72942948.0,立讯精密 Luxshare
2024-03-29,002475,29.41,-0.011429,210884857.12,68843016.0,立讯精密 Luxshare
2024-04-01,002475,29.67,0.008841,212971595.66,62494581.0,立讯精密 Luxshare
2024-04-02,002475,28.64,-0.034715,205578244.0,100655975.0,立讯精密 Luxshare
2024-04-03,002475,28.76,0.00419,206439605.36,68825783.0,立讯精密 Luxshare
2024-04-08,002475,28.04,-0.025035,201271437.22,79831166.0,立讯精密 Luxshare
2024-04-09,002475,28.45,0.014622,204214421.85,44640675.0,立讯精密 Luxshare
2024-04-10,002475,27.69,-0.026714,198759133.26,61341963.0,立讯精密 Luxshare
2024-04-11,002475,27.63,-0.002167,198328452.58,48540225.0,立讯精密 Luxshare
2024-04-12,002475,27.82,0.006877,199692274.73,62005888.0,立讯精密 Luxshare
2024-04-15,002475,27.8,-0.000719,199548714.5,57402917.0,立讯精密 Luxshare
2024-04-16,002475,26.85,-0.034173,192729603.75,79544584.0,立讯精密 Luxshare
2024-04-17,002475,27.28,0.016015,195816148.62,63563527.0,立讯精密 Luxshare
2024-04-18,002475,27.05,-0.008431,194165206.02,70081220.0,立讯精密 Luxshare
2024-04-19,002475,26.39,-0.024399,189427718.55,66995287.0,立讯精密 Luxshare
2024-04-22,002475,27.25,0.032588,195600808.28,73706838.0,立讯精密 Luxshare
2024-04-23,002475,27.59,0.012477,198041332.13,60469334.0,立讯精密 Luxshare
2024-04-24,002475,27.67,0.0029,198615573.03,78469021.0,立讯精密 Luxshare
2024-04-25,002475,28.54,0.031442,204860442.87,123113698.0,立讯精密 Luxshare
2024-04-26,002475,28.79,0.00876,206654945.7,83063450.0,立讯精密 Luxshare
2024-04-29,002475,29.83,0.036124,214120077.47,121044632.0,立讯精密 Luxshare
2024-04-30,002475,29.2,-0.02112,209597930.34,63759996.0,立讯精密 Luxshare
2024-05-06,002475,30.99,0.061301,222446570.59,141580671.0,立讯精密 Luxshare
2024-05-07,002475,30.86,-0.004195,221513429.12,58136777.0,立讯精密 Luxshare
2024-05-08,002475,29.6,-0.04083,212469134.86,79533024.0,立讯精密 Luxshare
2024-05-09,002475,29.82,0.007432,214048297.35,49408990.0,立讯精密 Luxshare
2024-05-10,002475,29.5,-0.010731,211751333.73,51489926.0,立讯精密 Luxshare
2024-05-13,002475,30.58,0.03661,219503585.95,87320975.0,立讯精密 Luxshare
2024-05-14,002475,31.08,0.016351,223092591.61,107402519.0,立讯精密 Luxshare
2024-05-15,002475,30.66,-0.013514,220077826.86,41907108.0,立讯精密 Luxshare
2024-05-16,002475,31.76,0.035877,227973639.3,101764044.0,立讯精密 Luxshare
2024-05-17,002475,31.64,-0.003778,227112277.94,52585866.0,立讯精密 Luxshare
2024-05-20,002475,31.62,-0.000632,226968717.72,47529836.0,立讯精密 Luxshare
2024-05-21,002475,31.87,0.007906,228763220.55,57889521.0,立讯精密 Luxshare
2024-05-22,002475,32.86,0.031064,235869451.75,84265286.0,立讯精密 Luxshare
2024-05-23,002475,32.51,-0.010651,233357147.79,49572096.0,立讯精密 Luxshare
2024-05-24,002475,31.51,-0.03076,226179136.47,81032670.0,立讯精密 Luxshare
2024-05-27,002475,31.89,0.01206,228906780.77,55784571.0,立讯精密 Luxshare
2024-05-28,002475,31.11,-0.024459,223307931.95,61610249.0,立讯精密 Luxshare
2024-05-29,002475,31.18,0.00225,223810392.74,43161349.0,立讯精密 Luxshare
2024-05-30,002475,32.26,0.034638,231562644.96,77273319.0,立讯精密 Luxshare
2024-05-31,002475,31.79,-0.014569,228188979.64,56636132.0,立讯精密 Luxshare
2024-06-03,002475,32.51,0.022649,233357147.79,82983440.0,立讯精密 Luxshare
2024-06-04,002475,32.73,0.006767,234936310.27,48444111.0,立讯精密 Luxshare
2024-06-05,002475,32.88,0.004583,236013011.97,69564774.0,立讯精密 Luxshare
2024-06-06,002475,33.1,0.006691,237592174.46,68692722.0,立讯精密 Luxshare
2024-06-07,002475,32.2,-0.02719,231131964.28,77733824.0,立讯精密 Luxshare
2024-06-11,002475,31.78,-0.013043,228117199.53,67357208.0,立讯精密 Luxshare
2024-06-12,002475,33.42,0.051605,239889138.08,130909933.0,立讯精密 Luxshare
2024-06-13,002475,33.23,-0.005685,238525315.93,89348348.0,立讯精密 Luxshare
2024-06-14,002475,34.35,0.033704,246564688.6,101763049.0,立讯精密 Luxshare
2024-06-17,002475,37.0,0.077147,265586418.58,161677724.0,立讯精密 Luxshare
2024-06-18,002475,37.99,0.026757,272692649.78,160707602.0,立讯精密 Luxshare
2024-06-19,002475,38.07,0.002106,273266890.69,96946397.0,立讯精密 Luxshare
2024-06-20,002475,37.26,-0.021277,267452701.52,78078057.0,立讯精密 Luxshare
2024-06-21,002475,37.72,0.012346,270754586.73,67055863.0,立讯精密 Luxshare
2024-06-24,002475,37.88,0.004242,271903068.54,103828100.0,立讯精密 Luxshare
2024-06-25,002475,37.16,-0.019007,266734900.39,82936164.0,立讯精密 Luxshare
2024-06-26,002475,38.2,0.027987,274200032.16,79007294.0,立讯精密 Luxshare
2024-06-27,002475,38.85,0.017016,278865739.51,124871233.0,立讯精密 Luxshare
2024-06-28,002475,39.31,0.01184,282167624.71,93374949.0,立讯精密 Luxshare
2024-07-01,002475,38.91,-0.010176,280188045.56,66548863.0,立讯精密 Luxshare
2024-07-02,002475,39.09,0.004626,281484212.31,69065252.0,立讯精密 Luxshare
2024-07-03,002475,38.89,-0.005116,280044027.03,52607251.0,立讯精密 Luxshare
2024-07-04,002475,38.86,-0.000771,279827999.24,54728067.0,立讯精密 Luxshare
2024-07-05,002475,38.73,-0.003345,278891878.81,67356616.0,立讯精密 Luxshare
2024-07-08,002475,39.37,0.016525,283500471.7,78229655.0,立讯精密 Luxshare
2024-07-09,002475,41.39,0.051308,298046342.99,114299394.0,立讯精密 Luxshare
2024-07-10,002475,41.08,-0.00749,295814055.81,74875260.0,立讯精密 Luxshare
2024-07-11,002475,41.78,0.024317,300854704.28,105249414.0,立讯精密 Luxshare
2024-07-12,002475,40.92,-0.020584,294661907.59,68089326.0,立讯精密 Luxshare
2024-07-15,002475,40.99,0.001711,295165972.44,47474505.0,立讯精密 Luxshare
2024-07-16,002475,43.17,0.053184,310863991.95,91165556.0,立讯精密 Luxshare
2024-07-17,002475,42.05,-0.025944,302798954.41,70718199.0,立讯精密 Luxshare
2024-07-18,002475,40.95,-0.026159,294877935.38,104068538.0,立讯精密 Luxshare
2024-07-19,002475,40.15,-0.019536,289117194.28,91800284.0,立讯精密 Luxshare
2024-07-22,002475,39.72,-0.01071,286020795.93,83778097.0,立讯精密 Luxshare
2024-07-23,002475,38.43,-0.032477,276731600.9,70356038.0,立讯精密 Luxshare
2024-07-24,002475,37.88,-0.014312,272771091.39,70153192.0,立讯精密 Luxshare
2024-07-25,002475,37.09,-0.020855,267082359.55,76151560.0,立讯精密 Luxshare
2024-07-26,002475,37.92,0.022378,273059128.44,73427917.0,立讯精密 Luxshare
2024-07-29,002475,38.38,0.012131,276371554.58,74061425.0,立讯精密 Luxshare
2024-07-30,002475,37.46,-0.023971,269746702.31,59510817.0,立讯精密 Luxshare
2024-07-31,002475,38.23,0.020555,275291415.62,77101523.0,立讯精密 Luxshare
2024-08-01,002475,37.83,-0.010463,272411045.07,50157070.0,立讯精密 Luxshare
2024-08-02,002475,37.19,-0.016918,267802452.18,50303135.0,立讯精密 Luxshare
2024-08-05,002475,34.51,-0.072062,248503969.48,131097835.0,立讯精密 Luxshare
2024-08-06,002475,35.39,0.0255,254840784.69,60047568.0,立讯精密 Luxshare
2024-08-07,002475,35.08,-0.00876,252608497.52,33397531.0,立讯精密 Luxshare
2024-08-08,002475,35.52,0.012543,255776905.12,50770196.0,立讯精密 Luxshare
2024-08-09,002475,36.33,0.022804,261609655.49,52899059.0,立讯精密 Luxshare
2024-08-12,002475,36.43,0.002753,262329748.13,32336494.0,立讯精密 Luxshare
2024-08-13,002475,37.0,0.015646,266434276.17,38124101.0,立讯精密 Luxshare
2024-08-14,002475,36.57,-0.011622,263337877.83,29233796.0,立讯精密 Luxshare
2024-08-15,002475,36.71,0.003828,264346007.52,44894654.0,立讯精密 Luxshare
2024-08-16,002475,37.04,0.008989,266722313.23,38596955.0,立讯精密 Luxshare
2024-08-19,002475,36.72,-0.008639,264418016.78,35662385.0,立讯精密 Luxshare
2024-08-20,002475,36.63,-0.002451,263769933.41,28854946.0,立讯精密 Luxshare
2024-08-21,002475,37.4,0.021021,269314646.72,57936482.0,立讯精密 Luxshare
2024-08-22,002475,37.8,0.010695,272195017.28,51112243.0,立讯精密 Luxshare
2024-08-23,002475,37.89,0.002381,272843100.65,34066567.0,立讯精密 Luxshare
2024-08-26,002475,37.35,-0.014252,268954600.41,71316219.0,立讯精密 Luxshare
2024-08-27,002475,36.54,-0.021687,263121850.03,43929070.0,立讯精密 Luxshare
2024-08-28,002475,36.6,0.001642,263553905.62,36117885.0,立讯精密 Luxshare
2024-08-29,002475,37.23,0.017213,268090489.24,50789140.0,立讯精密 Luxshare
2024-08-30,002475,39.42,0.058824,283860518.02,110454923.0,立讯精密 Luxshare
2023-10-09,002594,237.97,0.005365,431473605.2,9179071.0,比亚迪 BYD
2023-10-10,002594,237.91,-0.000252,431364816.63,6393661.0,比亚迪 BYD
2023-10-11,002594,238.59,0.002858,432597753.77,7668373.0,比亚迪 BYD
2023-10-12,002594,244.45,0.024561,443222770.9,13934094.0,比亚迪 BYD
2023-10-13,002594,240.36,-0.016731,435807016.63,6644523.0,比亚迪 BYD
2023-10-16,002594,237.51,-0.011857,430639559.49,6602221.0,比亚迪 BYD
2023-10-17,002594,238.0,0.002063,431527999.49,4916359.0,比亚迪 BYD
2023-10-18,002594,249.07,0.046513,451599490.89,30786284.0,比亚迪 BYD
2023-10-19,002594,240.6,-0.034007,436242170.91,14775328.0,比亚迪 BYD
2023-10-20,002594,239.2,-0.005819,433703770.92,8565861.0,比亚迪 BYD
2023-10-23,002594,238.65,-0.002299,432706542.35,7353683.0,比亚迪 BYD
2023-10-24,002594,235.55,-0.01299,427085799.5,11077892.0,比亚迪 BYD
2023-10-25,002594,237.4,0.007854,430440113.78,8367573.0,比亚迪 BYD
2023-10-26,002594,238.61,0.005097,432634016.63,7319935.0,比亚迪 BYD
2023-10-27,002594,241.95,0.013998,438689913.77,10320556.0,比亚迪 BYD
2023-10-30,002594,244.6,0.010953,443494742.33,11729547.0,比亚迪 BYD
2023-10-31,002594,238.54,-0.024775,432507096.63,12720475.0,比亚迪 BYD
2023-11-01,002594,236.2,-0.00981,428264342.35,9339042.0,比亚迪 BYD
2023-11-02,002594,234.8,-0.005927,425725942.35,8541416.0,比亚迪 BYD
2023-11-03,002594,238.65,0.016397,432706542.35,9067942.0,比亚迪 BYD
2023-11-06,002594,242.9,0.017809,440412399.48,14354786.0,比亚迪 BYD
2023-11-07,002594,240.97,-0.007946,436913033.77,9451293.0,比亚迪 BYD
2023-11-08,002594,240.0,-0.004025,435154285.2,8012814.0,比亚迪 BYD
2023-11-09,002594,239.3,-0.002917,433885085.2,7318274.0,比亚迪 BYD
2023-11-10,002594,236.96,-0.009779,429642330.92,8190190.0,比亚迪 BYD
2023-11-13,002594,237.12,0.000675,429932433.78,6973846.0,比亚迪 BYD
2023-11-14,002594,237.63,0.002151,430857136.63,5521655.0,比亚迪 BYD
2023-11-15,002594,238.64,0.00425,432688410.92,7869167.0,比亚迪 BYD
2023-11-16,002594,238.3,-0.001425,432071942.35,6169007.0,比亚迪 BYD
2023-11-17,002594,236.76,-0.006462,429279702.35,5946229.0,比亚迪 BYD
2023-11-20,002594,235.0,-0.007434,426088570.93,7677094.0,比亚迪 BYD
2023-11-21,002594,234.2,-0.003404,424638056.64,8238634.0,比亚迪 BYD
2023-11-22,002594,230.0,-0.017933,417022856.65,10557108.0,比亚迪 BYD
2023-11-23,002594,228.83,-0.005087,414901479.51,10576394.0,比亚迪 BYD
2023-11-24,002594,216.85,-0.052353,393180028.11,28065948.0,比亚迪 BYD
2023-11-27,002594,208.9,-0.036661,378765542.41,21548087.0,比亚迪 BYD
2023-11-28,002594,209.91,0.004835,380596816.69,12221143.0,比亚迪 BYD
2023-11-29,002594,201.98,-0.037778,366218593.85,21924630.0,比亚迪 BYD
2023-11-30,002594,199.15,-0.014011,361087399.57,18724215.0,比亚迪 BYD
2023-12-01,002594,197.05,-0.010545,357279799.58,19418985.0,比亚迪 BYD
2023-12-04,002594,196.39,-0.003349,356083125.29,11761315.0,比亚迪 BYD
2023-12-05,002594,196.34,-0.000255,355992468.15,15237247.0,比亚迪 BYD
2023-12-06,002594,201.19,0.024702,364786211.0,17634737.0,比亚迪 BYD
2023-12-07,002594,199.45,-0.008649,361631342.43,10316924.0,比亚迪 BYD
2023-12-08,002594,198.55,-0.004512,359999513.86,7770019.0,比亚迪 BYD
2023-12-11,002594,199.19,0.003223,361159925.29,10108635.0,比亚迪 BYD
2023-12-12,002594,196.33,-0.014358,355974336.72,7979721.0,比亚迪 BYD
2023-12-13,002594,191.8,-0.023073,347760799.59,11753492.0,比亚迪 BYD
2023-12-14,002594,191.18,-0.003233,346636651.02,9249670.0,比亚迪 BYD
2023-12-15,002594,193.28,0.010984,350444251.01,10184134.0,比亚迪 BYD
2023-12-18,002594,189.06,-0.021834,342792788.17,10051147.0,比亚迪 BYD
2023-12-19,002594,188.0,-0.005607,340870856.74,7936972.0,比亚迪 BYD
2023-12-20,002594,184.88,-0.016596,335213851.03,8492482.0,比亚迪 BYD
2023-12-21,002594,189.68,0.025963,343916936.74,13314943.0,比亚迪 BYD
2023-12-22,002594,192.25,0.013549,348576713.87,11799766.0,比亚迪 BYD
2023-12-25,002594,192.18,-0.000364,348449793.87,5376986.0,比亚迪 BYD
2023-12-26,002594,191.75,-0.002237,347670142.45,4138033.0,比亚迪 BYD
2023-12-27,002594,191.45,-0.001565,347126199.59,6136402.0,比亚迪 BYD
2023-12-28,002594,198.05,0.034474,359092942.43,13877780.0,比亚迪 BYD
2023-12-29,002594,198.0,-0.000252,359002285.29,8036729.0,比亚迪 BYD
2024-01-02,002594,192.6,-0.027273,349211313.87,11392832.0,比亚迪 BYD
2024-01-03,002594,193.17,0.00296,350244805.3,8448596.0,比亚迪 BYD
2024-01-04,002594,193.02,-0.000777,349972833.87,8987036.0,比亚迪 BYD
2024-01-05,002594,192.68,-0.001761,349356365.3,11240188.0,比亚迪 BYD
2024-01-08,002594,189.4,-0.017023,343409256.74,8107839.0,比亚迪 BYD
2024-01-09,002594,192.86,0.018268,349682731.02,11218651.0,比亚迪 BYD
2024-01-10,002594,190.29,-0.013326,345022953.88,7141623.0,比亚迪 BYD
2024-01-11,002594,196.78,0.034106,356790251.01,15986174.0,比亚迪 BYD
2024-01-12,002594,195.87,-0.004624,355140291.01,8702264.0,比亚迪 BYD
2024-01-15,002594,194.61,-0.006433,352855731.01,7021993.0,比亚迪 BYD
2024-01-16,002594,195.3,0.003546,354106799.58,8380860.0,比亚迪 BYD
2024-01-17,002594,186.8,-0.043523,338695085.31,16079471.0,比亚迪 BYD
2024-01-18,002594,190.48,0.0197,345367451.02,11459165.0,比亚迪 BYD
2024-01-19,002594,189.34,-0.005985,343300468.17,8090516.0,比亚迪 BYD
2024-01-22,002594,185.34,-0.021126,336047896.75,13223973.0,比亚迪 BYD
2024-01-23,002594,187.85,0.013543,340598885.31,11072562.0,比亚迪 BYD
2024-01-24,002594,188.7,0.004525,342140056.74,9664121.0,比亚迪 BYD
2024-01-25,002594,189.9,0.006359,344315828.16,13076908.0,比亚迪 BYD
2024-01-26,002594,185.86,-0.021274,336990731.03,11585464.0,比亚迪 BYD
2024-01-29,002594,178.44,-0.039923,323537211.05,14604252.0,比亚迪 BYD
2024-01-30,002594,171.97,-0.036259,311806176.77,19076118.0,比亚迪 BYD
2024-01-31,002594,170.73,-0.007211,309557879.63,12536841.0,比亚迪 BYD
2024-02-01,002594,170.89,0.000937,309847982.49,11665074.0,比亚迪 BYD
2024-02-02,002594,167.0,-0.022763,302794856.79,14799171.0,比亚迪 BYD
2024-02-05,002594,168.0,0.005988,304607999.64,18621620.0,比亚迪 BYD
2024-02-06,002594,175.87,0.046845,318877433.91,17618975.0,比亚迪 BYD
2024-02-07,002594,179.56,0.020981,325567931.04,16009370.0,比亚迪 BYD
2024-02-08,002594,181.17,0.008966,328487091.04,11924566.0,比亚迪 BYD
2024-02-19,002594,183.5,0.012861,332711713.89,11968707.0,比亚迪 BYD
2024-02-20,002594,179.02,-0.024414,324588833.9,11335736.0,比亚迪 BYD
2024-02-21,002594,183.0,0.022232,331805142.47,14769298.0,比亚迪 BYD
2024-02-22,002594,182.99,-5.5e-05,331787011.04,8090613.0,比亚迪 BYD
2024-02-23,002594,182.68,-0.001694,331224936.75,9117490.0,比亚迪 BYD
2024-02-26,002594,186.0,0.018174,337244571.03,15546076.0,比亚迪 BYD
2024-02-27,002594,193.7,0.041398,351205771.01,20634265.0,比亚迪 BYD
2024-02-28,002594,188.0,-0.029427,340870856.74,16829153.0,比亚迪 BYD
2024-02-29,002594,191.2,0.017021,346672913.88,12236289.0,比亚迪 BYD
2024-03-01,002594,192.18,0.005126,348449793.87,12215828.0,比亚迪 BYD
2024-03-04,002594,189.27,-0.015142,343173548.17,12686510.0,比亚迪 BYD
2024-03-05,002594,190.82,0.008189,345983919.59,14962443.0,比亚迪 BYD
2024-03-06,002594,191.65,0.00435,347488828.16,10010040.0,比亚迪 BYD
2024-03-07,002594,188.89,-0.014401,342484553.88,10132688.0,比亚迪 BYD
2024-03-08,002594,188.09,-0.004235,341034039.6,6714968.0,比亚迪 BYD
2024-03-11,002594,198.74,0.056622,360344011.0,27808046.0,比亚迪 BYD
2024-03-12,002594,205.1,0.032002,371875599.56,24502892.0,比亚迪 BYD
2024-03-13,002594,206.36,0.006143,374160159.56,17781291.0,比亚迪 BYD
2024-03-14,002594,212.08,0.027719,384531336.69,21135219.0,比亚迪 BYD
2024-03-15,002594,209.47,-0.012307,379799033.84,14662802.0,比亚迪 BYD
2024-03-18,002594,218.03,0.040865,395319536.68,19698182.0,比亚迪 BYD
2024-03-19,002594,216.8,-0.005641,393089370.96,14697268.0,比亚迪 BYD
2024-03-20,002594,218.48,0.007749,396135450.96,9680523.0,比亚迪 BYD
2024-03-21,002594,218.95,0.002151,396987628.1,8866709.0,比亚迪 BYD
2024-03-22,002594,216.95,-0.009135,393361342.39,10467161.0,比亚迪 BYD
2024-03-25,002594,214.2,-0.012676,388375199.54,9910940.0,比亚迪 BYD
2024-03-26,002594,219.6,0.02521,398166170.96,13134627.0,比亚迪 BYD
2024-03-27,002594,211.98,-0.034699,384350022.4,18884898.0,比亚迪 BYD
2024-03-28,002594,208.38,-0.016983,377822708.12,15943531.0,比亚迪 BYD
2024-03-29,002594,203.06,-0.02553,368176788.14,14138108.0,比亚迪 BYD
2024-04-01,002594,212.01,0.044076,384404416.69,14290927.0,比亚迪 BYD
2024-04-02,002594,212.34,0.001557,385002753.83,10758479.0,比亚迪 BYD
2024-04-03,002594,208.16,-0.019685,377423816.7,8363379.0,比亚迪 BYD
2024-04-08,002594,212.0,0.018447,384386285.26,12822718.0,比亚迪 BYD
2024-04-09,002594,212.08,0.000377,384531336.69,8420846.0,比亚迪 BYD
2024-04-10,002594,211.84,-0.001132,384096182.4,7241085.0,比亚迪 BYD
2024-04-11,002594,212.98,0.005381,386163165.26,10085395.0,比亚迪 BYD
2024-04-12,002594,210.6,-0.011175,381847885.26,11491789.0,比亚迪 BYD
2024-04-15,002594,213.62,0.01434,387323576.69,11333192.0,比亚迪 BYD
2024-04-16,002594,211.63,-0.009316,383715422.4,9832304.0,比亚迪 BYD
2024-04-17,002594,213.0,0.006474,386199428.12,9692162.0,比亚迪 BYD
2024-04-18,002594,213.6,0.002817,387287313.83,13399756.0,比亚迪 BYD
2024-04-19,002594,210.13,-0.016245,380995708.12,11177043.0,比亚迪 BYD
2024-04-22,002594,208.56,-0.007472,378149073.84,6469478.0,比亚迪 BYD
2024-04-23,002594,205.04,-0.016878,371766810.99,8729994.0,比亚迪 BYD
2024-04-24,002594,207.42,0.011607,376082090.98,7497892.0,比亚迪 BYD
2024-04-25,002594,208.94,0.007328,378838068.12,9468384.0,比亚迪 BYD
2024-04-26,002594,219.37,0.049919,397749148.1,25345378.0,比亚迪 BYD
2024-04-29,002594,221.38,0.009163,401393565.24,19167593.0,比亚迪 BYD
2024-04-30,002594,218.5,-0.013009,396171713.82,11555966.0,比亚迪 BYD
2024-05-06,002594,226.3,0.035698,410314228.09,18677887.0,比亚迪 BYD
2024-05-07,002594,229.88,0.01582,416805279.51,14419048.0,比亚迪 BYD
2024-05-08,002594,226.23,-0.015878,410187308.09,9113178.0,比亚迪 BYD
2024-05-09,002594,228.15,0.008487,413668542.37,7900735.0,比亚迪 BYD
2024-05-10,002594,227.8,-0.001534,413033942.37,8061330.0,比亚迪 BYD
2024-05-13,002594,225.7,-0.009219,408802703.47,8248116.0,比亚迪 BYD
2024-05-14,002594,224.91,-0.0035,407371803.45,6261853.0,比亚迪 BYD
2024-05-15,002594,219.14,-0.025655,396920799.46,9973351.0,比亚迪 BYD
2024-05-16,002594,218.31,-0.003788,395417448.81,8715722.0,比亚迪 BYD
2024-05-17,002594,219.59,0.005863,397735869.1,7148666.0,比亚迪 BYD
2024-05-20,002594,222.87,0.014937,403676821.1,7595857.0,比亚迪 BYD
2024-05-21,002594,218.78,-0.018352,396268743.76,8408043.0,比亚迪 BYD
2024-05-22,002594,216.92,-0.008502,392899789.27,8839817.0,比亚迪 BYD
2024-05-23,002594,214.95,-0.009082,389331595.53,6228723.0,比亚迪 BYD
2024-05-24,002594,209.3,-0.026285,379097943.45,10287552.0,比亚迪 BYD
2024-05-27,002594,208.35,-0.004539,377377240.89,7604551.0,比亚迪 BYD
2024-05-28,002594,207.38,-0.004656,375620313.01,6094646.0,比亚迪 BYD
2024-05-29,002594,224.7,0.083518,406991437.62,30264777.0,比亚迪 BYD
2024-05-30,002594,227.86,0.014063,412715037.72,22379181.0,比亚迪 BYD
2024-05-31,002594,229.02,0.005091,414816106.11,18542984.0,比亚迪 BYD
2024-06-03,002594,237.1,0.035281,429451134.22,27014589.0,比亚迪 BYD
2024-06-04,002594,238.15,0.004429,431352963.37,15742916.0,比亚迪 BYD
2024-06-05,002594,240.79,0.011085,436134705.23,19443395.0,比亚迪 BYD
2024-06-06,002594,238.5,-0.00951,431986906.42,17586542.0,比亚迪 BYD
2024-06-07,002594,235.5,-0.012579,426553108.85,18259398.0,比亚迪 BYD
2024-06-11,002594,244.63,0.038769,443089966.11,22159693.0,比亚迪 BYD
2024-06-12,002594,242.9,-0.007072,439956476.18,18733197.0,比亚迪 BYD
2024-06-13,002594,252.99,0.04154,458232148.66,29251928.0,比亚迪 BYD
2024-06-14,002594,253.05,0.000237,458340824.61,20260976.0,比亚迪 BYD
2024-06-17,002594,257.21,0.016439,465875690.56,20864880.0,比亚迪 BYD
2024-06-18,002594,255.64,-0.006104,463032003.17,12878911.0,比亚迪 BYD
2024-06-19,002594,254.0,-0.006415,460061527.17,9910811.0,比亚迪 BYD
2024-06-20,002594,251.5,-0.009843,455533362.53,11619994.0,比亚迪 BYD
2024-06-21,002594,250.67,-0.0033,454030011.87,11633012.0,比亚迪 BYD
2024-06-24,002594,249.94,-0.002912,452707787.8,10842302.0,比亚迪 BYD
2024-06-25,002594,254.01,0.016284,460079639.83,19574643.0,比亚迪 BYD
2024-06-26,002594,252.72,-0.005079,457743106.88,11191676.0,比亚迪 BYD
2024-06-27,002594,249.5,-0.012741,451910830.82,8291084.0,比亚迪 BYD
2024-06-28,002594,250.25,0.003006,453269280.21,9298207.0,比亚迪 BYD
2024-07-01,002594,246.8,-0.013786,447020413.01,12927332.0,比亚迪 BYD
2024-07-02,002594,243.97,-0.011467,441894530.64,10262737.0,比亚迪 BYD
2024-07-03,002594,243.1,-0.003566,440318729.35,9657403.0,比亚迪 BYD
2024-07-04,002594,244.63,0.006294,443089966.11,9919634.0,比亚迪 BYD
2024-07-05,002594,242.03,-0.010628,438380674.89,9566478.0,比亚迪 BYD
2024-07-08,002594,244.99,0.01223,443742021.82,10537466.0,比亚迪 BYD
2024-07-09,002594,252.6,0.031062,457525754.97,14076255.0,比亚迪 BYD
2024-07-10,002594,252.5,-0.000396,457344628.39,10928256.0,比亚迪 BYD
2024-07-11,002594,253.06,0.002218,458358937.27,10035945.0,比亚迪 BYD
2024-07-12,002594,262.62,0.037778,475674638.84,18886322.0,比亚迪 BYD
2024-07-15,002594,261.71,-0.003465,474026386.91,9871552.0,比亚迪 BYD
2024-07-16,002594,258.99,-0.010393,469099743.79,11758768.0,比亚迪 BYD
2024-07-17,002594,259.51,0.002008,470041602.03,10519171.0,比亚迪 BYD
2024-07-18,002594,261.43,0.007399,473519232.47,9532204.0,比亚迪 BYD
2024-07-19,002594,264.06,0.01006,478282861.67,13621379.0,比亚迪 BYD
2024-07-22,002594,265.61,0.00587,481090323.75,10074955.0,比亚迪 BYD
2024-07-23,002594,253.23,-0.04661,458666852.46,16741049.0,比亚迪 BYD
2024-07-24,002594,249.99,-0.012795,452798351.09,11864005.0,比亚迪 BYD
2024-07-25,002594,250.39,0.0016,453522857.43,10110420.0,比亚迪 BYD
2024-07-26,002594,254.95,0.018212,461782229.73,12484165.0,比亚迪 BYD
2024-07-29,002594,249.1,-0.010796,451186324.48,7885932.0,比亚迪 BYD
2024-07-30,002594,243.91,-0.020835,441785854.69,11039339.0,比亚迪 BYD
2024-07-31,002594,247.05,0.012874,447473229.48,8749003.0,比亚迪 BYD
2024-08-01,002594,244.2,-0.011536,442311121.79,10363488.0,比亚迪 BYD
2024-08-02,002594,234.78,-0.038575,425248997.44,14567117.0,比亚迪 BYD
2024-08-05,002594,231.18,-0.015334,418728440.36,10526835.0,比亚迪 BYD
2024-08-06,002594,228.94,-0.009689,414671204.84,12910151.0,比亚迪 BYD
2024-08-07,002594,228.95,4.4e-05,414689317.5,8202186.0,比亚迪 BYD
2024-08-08,002594,226.45,-0.010919,410161152.86,8535741.0,比亚迪 BYD
2024-08-09,002594,231.62,0.022831,419525397.34,11985218.0,比亚迪 BYD
2024-08-12,002594,230.4,-0.005267,417315652.99,5377901.0,比亚迪 BYD
2024-08-13,002594,228.73,-0.007248,414290839.01,6043650.0,比亚迪 BYD
2024-08-14,002594,226.6,-0.009312,410432842.74,5632985.0,比亚迪 BYD
2024-08-15,002594,231.49,0.02158,419289932.77,8854538.0,比亚迪 BYD
2024-08-16,002594,235.11,0.015638,425846715.17,10221858.0,比亚迪 BYD
2024-08-19,002594,235.42,0.001319,426408207.58,7018242.0,比亚迪 BYD
2024-08-20,002594,236.48,0.004503,428328149.39,6248422.0,比亚迪 BYD
2024-08-21,002594,241.0,0.019114,436515071.06,11104338.0,比亚迪 BYD
2024-08-22,002594,240.52,-0.001992,435645663.44,6248845.0,比亚迪 BYD
2024-08-23,002594,239.34,-0.004906,433508369.74,4978602.0,比亚迪 BYD
2024-08-26,002594,239.41,0.000292,433635158.35,5651342.0,比亚迪 BYD
2024-08-27,002594,240.8,0.005806,436152817.88,5092646.0,比亚迪 BYD
2024-08-28,002594,236.85,-0.016404,428998317.76,8904070.0,比亚迪 BYD
2024-08-29,002594,234.85,-0.008444,425375786.05,7938487.0,比亚迪 BYD
2024-08-30,002594,249.42,0.06204,451765929.55,19302792.0,比亚迪 BYD
2023-10-09,300750,195.5,-0.037088,859657269.91,33742826.0,宁德时代 CATL
2023-10-10,300750,194.72,-0.00399,856227435.28,19865460.0,宁德时代 CATL
2023-10-11,300750,194.77,0.000257,856447296.47,20248245.0,宁德时代 CATL
2023-10-12,300750,195.94,0.006007,861592048.42,24205912.0,宁德时代 CATL
2023-10-13,300750,190.6,-0.027253,838110872.86,28422238.0,宁德时代 CATL
2023-10-16,300750,184.76,-0.03064,812431085.36,24683649.0,宁德时代 CATL
2023-10-17,300750,185.44,0.00368,815421197.61,21558300.0,宁德时代 CATL
2023-10-18,300750,186.3,0.004638,819202810.15,17651925.0,宁德时代 CATL
2023-10-19,300750,182.7,-0.019324,803372804.15,17454160.0,宁德时代 CATL
2023-10-20,300750,181.0,-0.009305,795897523.55,30026893.0,宁德时代 CATL
2023-10-23,300750,177.26,-0.020663,779451906.21,20223321.0,宁德时代 CATL
2023-10-24,300750,176.42,-0.004739,775758238.14,24379459.0,宁德时代 CATL
2023-10-25,300750,175.98,-0.002494,773823459.63,21534181.0,宁德时代 CATL
2023-10-26,300750,178.07,0.011876,783013657.56,41420567.0,宁德时代 CATL
2023-10-27,300750,184.72,0.037345,812255196.41,47795283.0,宁德时代 CATL
2023-10-30,300750,188.02,0.017865,826766035.23,32259492.0,宁德时代 CATL
2023-10-31,300750,185.6,-0.012871,816124753.43,18152535.0,宁德时代 CATL
2023-11-01,300750,187.54,0.010453,824655367.77,19727265.0,宁德时代 CATL
2023-11-02,300750,185.57,-0.010504,815992836.71,13762677.0,宁德时代 CATL
2023-11-03,300750,187.44,0.010077,824215645.38,14365450.0,宁德时代 CATL
2023-11-06,300750,197.08,0.05143,866604883.65,34968430.0,宁德时代 CATL
2023-11-07,300750,191.24,-0.029633,840925096.15,26080293.0,宁德时代 CATL
2023-11-08,300750,191.84,0.003137,843563430.48,14652166.0,宁德时代 CATL
2023-11-09,300750,191.45,-0.002033,841848513.17,10997097.0,宁德时代 CATL
2023-11-10,300750,189.03,-0.01264,831207231.36,11609956.0,宁德时代 CATL
2023-11-13,300750,187.85,-0.006242,826018507.17,12519595.0,宁德时代 CATL
2023-11-14,300750,183.68,-0.022199,807871973.78,23488284.0,宁德时代 CATL
2023-11-15,300750,184.48,0.004355,811390579.94,23807191.0,宁德时代 CATL
2023-11-16,300750,181.15,-0.018051,796744381.81,17466200.0,宁德时代 CATL
2023-11-17,300750,180.73,-0.002319,794897113.58,11084035.0,宁德时代 CATL
2023-11-20,300750,180.3,-0.002379,793005862.77,12408719.0,宁德时代 CATL
2023-11-21,300750,180.61,0.001719,794510837.63,19766221.0,宁德时代 CATL
2023-11-22,300750,177.0,-0.019988,778630298.77,18688569.0,宁德时代 CATL
2023-11-23,300750,177.7,0.003955,781709627.64,15720253.0,宁德时代 CATL
2023-11-24,300750,175.0,-0.015194,769832216.3,16621248.0,宁德时代 CATL
2023-11-27,300750,170.7,-0.024571,750916338.99,18422007.0,宁德时代 CATL
2023-11-28,300750,171.92,0.007147,756283169.29,20210730.0,宁德时代 CATL
2023-11-29,300750,166.85,-0.02949,733980030.23,25188527.0,宁德时代 CATL
2023-11-30,300750,167.0,0.000899,734639886.41,23027161.0,宁德时代 CATL
2023-12-01,300750,165.5,-0.008982,728041324.56,16962209.0,宁德时代 CATL
2023-12-04,300750,161.65,-0.023263,711105015.8,23930401.0,宁德时代 CATL
2023-12-05,300750,158.81,-0.017569,698611738.69,24807739.0,宁德时代 CATL
2023-12-06,300750,162.88,0.025628,716515836.52,36769276.0,宁德时代 CATL
2023-12-07,300750,164.49,0.009885,723598292.91,26908427.0,宁德时代 CATL
2023-12-08,300750,163.59,-0.005471,719639155.8,24502047.0,宁德时代 CATL
2023-12-11,300750,165.35,0.010759,727381468.37,21489569.0,宁德时代 CATL
2023-12-12,300750,163.63,-0.010402,719815117.45,14733877.0,宁德时代 CATL
2023-12-13,300750,159.35,-0.026157,700987220.96,25259399.0,宁德时代 CATL
2023-12-14,300750,156.63,-0.017069,689021828.79,22751400.0,宁德时代 CATL
2023-12-15,300750,155.0,-0.010407,681851391.58,20204635.0,宁德时代 CATL
2023-12-18,300750,146.97,-0.051806,646527090.45,42912920.0,宁德时代 CATL
2023-12-19,300750,149.0,0.013812,655457144.16,25185181.0,宁德时代 CATL
2023-12-20,300750,148.45,-0.003691,653037671.48,21249368.0,宁德时代 CATL
2023-12-21,300750,154.39,0.040013,679167976.43,42131501.0,宁德时代 CATL
2023-12-22,300750,156.29,0.012306,687526154.77,28032127.0,宁德时代 CATL
2023-12-25,300750,157.54,0.007998,693024956.32,13005608.0,宁德时代 CATL
2023-12-26,300750,156.13,-0.00895,686822308.18,12767252.0,宁德时代 CATL
2023-12-27,300750,154.33,-0.011529,678904033.95,17356460.0,宁德时代 CATL
2023-12-28,300750,162.99,0.056114,716999731.06,37850179.0,宁德时代 CATL
2023-12-29,300750,163.26,0.001657,718187472.19,22683782.0,宁德时代 CATL
2024-01-02,300750,156.83,-0.039385,689901637.04,21403268.0,宁德时代 CATL
2024-01-03,300750,155.8,-0.006568,685370624.57,19757581.0,宁德时代 CATL
2024-01-04,300750,151.2,-0.029525,665135034.88,27241762.0,宁德时代 CATL
2024-01-05,300750,150.9,-0.001984,663815322.51,21035318.0,宁德时代 CATL
2024-01-08,300750,150.0,-0.005964,659856185.4,19385405.0,宁德时代 CATL
2024-01-09,300750,148.7,-0.008667,654137431.79,23391625.0,宁德时代 CATL
2024-01-10,300750,150.66,0.013181,662759552.62,23211960.0,宁德时代 CATL
2024-01-11,300750,154.82,0.027612,681059564.16,32801802.0,宁德时代 CATL
2024-01-12,300750,154.63,-0.001227,680223746.32,25462228.0,宁德时代 CATL
2024-01-15,300750,151.7,-0.018948,667334555.5,17272193.0,宁德时代 CATL
2024-01-16,300750,156.95,0.034608,690429521.99,28469270.0,宁德时代 CATL
2024-01-17,300750,152.24,-0.03001,669710037.77,21761525.0,宁德时代 CATL
2024-01-18,300750,154.61,0.015568,680135765.5,30778779.0,宁德时代 CATL
2024-01-19,300750,154.9,0.001876,681411487.46,26594908.0,宁德时代 CATL
2024-01-22,300750,155.66,0.004906,684754758.8,40488810.0,宁德时代 CATL
2024-01-23,300750,153.91,-0.011242,677056436.63,32305895.0,宁德时代 CATL
2024-01-24,300750,153.48,-0.002794,675164848.9,24870983.0,宁德时代 CATL
2024-01-25,300750,155.0,0.009904,681851391.58,29479609.0,宁德时代 CATL
2024-01-26,300750,150.0,-0.032258,659856185.4,27181270.0,宁德时代 CATL
2024-01-29,300750,147.02,-0.019867,646747042.52,21767500.0,宁德时代 CATL
2024-01-30,300750,140.75,-0.042647,619165053.97,32727425.0,宁德时代 CATL
2024-01-31,300750,151.59,0.077016,666850660.97,59522108.0,宁德时代 CATL
2024-02-01,300750,149.02,-0.016954,655545124.99,27968844.0,宁德时代 CATL
2024-02-02,300750,146.0,-0.020266,642260020.46,30706037.0,宁德时代 CATL
2024-02-05,300750,151.94,0.040685,668390325.4,47132613.0,宁德时代 CATL
2024-02-06,300750,158.33,0.042056,696500198.9,43745926.0,宁德时代 CATL
2024-02-07,300750,159.6,0.008021,702086981.27,36607040.0,宁德时代 CATL
2024-02-08,300750,162.84,0.020301,716339874.87,30901156.0,宁德时代 CATL
2024-02-19,300750,160.09,-0.016888,704242511.47,27092476.0,宁德时代 CATL
2024-02-20,300750,158.33,-0.010994,696500198.9,22194791.0,宁德时代 CATL
2024-02-21,300750,161.2,0.018127,709125447.24,25782663.0,宁德时代 CATL
2024-02-22,300750,160.35,-0.005273,705386262.19,20955947.0,宁德时代 CATL
2024-02-23,300750,160.5,0.000935,706046118.38,21017639.0,宁德时代 CATL
2024-02-26,300750,156.0,-0.028037,686250432.82,36066425.0,宁德时代 CATL
2024-02-27,300750,157.83,0.011731,694300678.28,29040075.0,宁德时代 CATL
2024-02-28,300750,157.01,-0.005195,690693464.46,40091711.0,宁德时代 CATL
2024-02-29,300750,163.51,0.041399,719287232.5,39167504.0,宁德时代 CATL
2024-03-01,300750,164.55,0.00636,723862235.38,28101336.0,宁德时代 CATL
2024-03-04,300750,163.9,-0.00395,721002858.58,26808577.0,宁德时代 CATL
2024-03-05,300750,164.65,0.004576,724302139.51,27549599.0,宁德时代 CATL
2024-03-06,300750,163.64,-0.006134,719859107.86,18718009.0,宁德时代 CATL
2024-03-07,300750,160.15,-0.021327,704506453.95,22145021.0,宁德时代 CATL
2024-03-08,300750,158.0,-0.013425,695048515.29,20217023.0,宁德时代 CATL
2024-03-11,300750,180.85,0.14462,795566607.53,76335047.0,宁德时代 CATL
2024-03-12,300750,185.84,0.027592,817517823.3,62164900.0,宁德时代 CATL
2024-03-13,300750,185.18,-0.003551,814614456.08,34795798.0,宁德时代 CATL
2024-03-14,300750,183.81,-0.007398,808587769.59,30535646.0,宁德时代 CATL
2024-03-15,300750,181.0,-0.015288,796226463.72,35483644.0,宁德时代 CATL
2024-03-18,300750,190.96,0.055028,840040914.43,48305173.0,宁德时代 CATL
2024-03-19,300750,187.25,-0.019428,823720471.44,26957576.0,宁德时代 CATL
2024-03-20,300750,189.48,0.011909,833530333.4,21031584.0,宁德时代 CATL
2024-03-21,300750,189.08,-0.002111,831770716.9,18756720.0,宁德时代 CATL
2024-03-22,300750,186.51,-0.013592,820465180.93,19103367.0,宁德时代 CATL
2024-03-25,300750,184.8,-0.009168,812942820.41,16413365.0,宁德时代 CATL
2024-03-26,300750,191.8,0.037879,843736109.06,30247308.0,宁德时代 CATL
2024-03-27,300750,188.0,-0.019812,827019752.37,20645704.0,宁德时代 CATL
2024-03-28,300750,188.78,0.004149,830451004.53,20036725.0,宁德时代 CATL
2024-03-29,300750,190.16,0.00731,836521681.44,16464806.0,宁德时代 CATL
2024-04-01,300750,197.84,0.040387,870306318.13,27513187.0,宁德时代 CATL
2024-04-02,300750,199.7,0.009402,878488534.83,24038110.0,宁德时代 CATL
2024-04-03,300750,197.65,-0.010265,869470500.3,23489041.0,宁德时代 CATL
2024-04-08,300750,194.6,-0.015431,856053424.53,18957556.0,宁德时代 CATL
2024-04-09,300750,196.0,0.007194,862212082.26,14570001.0,宁德时代 CATL
2024-04-10,300750,192.74,-0.016633,847871207.83,17961495.0,宁德时代 CATL
2024-04-11,300750,192.6,-0.000726,847255342.05,19295444.0,宁德时代 CATL
2024-04-12,300750,188.39,-0.021859,828735378.45,16625645.0,宁德时代 CATL
2024-04-15,300750,197.14,0.046446,867226989.27,30548250.0,宁德时代 CATL
2024-04-16,300750,197.15,5.1e-05,867270979.68,27623120.0,宁德时代 CATL
2024-04-17,300750,195.99,-0.005884,862168091.84,21619164.0,宁德时代 CATL
2024-04-18,300750,195.56,-0.002194,860276504.11,19539576.0,宁德时代 CATL
2024-04-19,300750,190.8,-0.02434,839337067.83,18491472.0,宁德时代 CATL
2024-04-22,300750,190.6,-0.001048,838457259.58,15098743.0,宁德时代 CATL
2024-04-23,300750,189.93,-0.003515,835509901.95,11113796.0,宁德时代 CATL
2024-04-24,300750,189.6,-0.001737,834058218.35,15154279.0,宁德时代 CATL
2024-04-25,300750,193.2,0.018987,849894766.8,16418323.0,宁德时代 CATL
2024-04-26,300750,198.48,0.027329,873121704.52,22488071.0,宁德时代 CATL
2024-04-29,300750,209.63,0.056177,922171014.3,43863035.0,宁德时代 CATL
2024-04-30,300750,202.6,-0.009551,891245754.41,21433024.0,宁德时代 CATL
2024-05-06,300750,206.98,0.021619,910513555.03,27099899.0,宁德时代 CATL
2024-05-07,300750,206.88,-0.000483,910073650.9,13179902.0,宁德时代 CATL
2024-05-08,300750,203.23,-0.017643,894017150.39,12432997.0,宁德时代 CATL
2024-05-09,300750,209.4,0.03036,921159234.82,21921628.0,宁德时代 CATL
2024-05-10,300750,203.5,-0.028176,895204891.53,22801132.0,宁德时代 CATL
2024-05-13,300750,199.35,-0.020393,876948870.4,22196723.0,宁德时代 CATL
2024-05-14,300750,199.01,-0.001706,875453196.38,10694712.0,宁德时代 CATL
2024-05-15,300750,197.89,-0.005628,870526270.19,13074116.0,宁德时代 CATL
2024-05-16,300750,199.67,0.008995,878356563.59,15378204.0,宁德时代 CATL
2024-05-17,300750,203.0,0.016678,893005370.91,18496201.0,宁德时代 CATL
2024-05-20,300750,203.45,0.002217,894984939.46,19917171.0,宁德时代 CATL
2024-05-21,300750,201.56,-0.00929,886670751.53,12296358.0,宁德时代 CATL
2024-05-22,300750,204.89,0.016521,901319558.84,25236561.0,宁德时代 CATL
2024-05-23,300750,204.34,-0.002684,898900086.16,17654820.0,宁德时代 CATL
2024-05-24,300750,200.98,-0.016443,884119307.61,15510693.0,宁德时代 CATL
2024-05-27,300750,200.01,-0.004826,879852237.61,16361785.0,宁德时代 CATL
2024-05-28,300750,197.8,-0.011049,870130356.48,12689994.0,宁德时代 CATL
2024-05-29,300750,198.79,0.005005,874485407.3,13338755.0,宁德时代 CATL
2024-05-30,300750,199.35,0.002817,876948870.4,12784004.0,宁德时代 CATL
2024-05-31,300750,197.76,-0.007976,869954394.83,13808627.0,宁德时代 CATL
2024-06-03,300750,202.5,0.023968,890805850.29,18718068.0,宁德时代 CATL
2024-06-04,300750,205.97,0.017136,906070523.38,17714939.0,宁德时代 CATL
2024-06-05,300750,204.12,-0.008982,897932297.09,11777390.0,宁德时代 CATL
2024-06-06,300750,204.79,0.003282,900879654.72,12412570.0,宁德时代 CATL
2024-06-07,300750,193.2,-0.056595,849894766.8,51686760.0,宁德时代 CATL
2024-06-11,300750,188.77,-0.02293,830407014.12,42072363.0,宁德时代 CATL
2024-06-12,300750,185.6,-0.016793,816462053.4,20310392.0,宁德时代 CATL
2024-06-13,300750,185.18,-0.002263,814614456.08,22117637.0,宁德时代 CATL
2024-06-14,300750,184.89,-0.001566,813338734.12,37184949.0,宁德时代 CATL
2024-06-17,300750,188.2,0.017903,827899560.62,26929318.0,宁德时代 CATL
2024-06-18,300750,190.33,0.011318,837224978.56,15652909.0,宁德时代 CATL
2024-06-19,300750,189.01,-0.006935,831418553.03,10753975.0,宁德时代 CATL
2024-06-20,300750,187.99,-0.005397,826931769.66,11562370.0,宁德时代 CATL
2024-06-21,300750,185.16,-0.015054,814483145.23,18467717.0,宁德时代 CATL
2024-06-24,300750,186.98,0.009829,822488974.37,18035490.0,宁德时代 CATL
2024-06-25,300750,186.32,-0.00353,819585761.6,14414412.0,宁德时代 CATL
2024-06-26,300750,185.51,-0.004347,816022727.75,10481398.0,宁德时代 CATL
2024-06-27,300750,185.0,-0.002749,813779336.07,12653577.0,宁德时代 CATL
2024-06-28,300750,180.03,-0.026865,791917264.18,19420506.0,宁德时代 CATL
2024-07-01,300750,176.07,-0.021996,774497987.58,26995744.0,宁德时代 CATL
2024-07-02,300750,176.08,5.7e-05,774541975.65,14415586.0,宁德时代 CATL
2024-07-03,300750,179.5,0.019423,789585896.35,16205321.0,宁德时代 CATL
2024-07-04,300750,179.6,0.000557,790025777.07,11834646.0,宁德时代 CATL
2024-07-05,300750,177.62,-0.011024,781316138.77,13524707.0,宁德时代 CATL
2024-07-08,300750,175.91,-0.009627,773794178.42,10806397.0,宁德时代 CATL
2024-07-09,300750,175.77,-0.000796,773178345.41,16443915.0,宁德时代 CATL
2024-07-10,300750,173.05,-0.015475,761213589.77,17772919.0,宁德时代 CATL
2024-07-11,300750,177.01,0.022884,778632866.37,20811148.0,宁德时代 CATL
2024-07-12,300750,179.8,0.015762,790905538.52,19550460.0,宁德时代 CATL
2024-07-15,300750,178.12,-0.009344,783515542.38,11469696.0,宁德时代 CATL
2024-07-16,300750,179.3,0.006625,788706134.9,15148737.0,宁德时代 CATL
2024-07-17,300750,180.89,0.008868,795700238.39,18590141.0,宁德时代 CATL
2024-07-18,300750,188.35,0.041241,828515340.26,31994401.0,宁德时代 CATL
2024-07-19,300750,189.44,0.005787,833310040.14,20847631.0,宁德时代 CATL
2024-07-22,300750,189.52,0.000422,833661944.71,17168252.0,宁德时代 CATL
2024-07-23,300750,186.2,-0.017518,819057904.74,11903104.0,宁德时代 CATL
2024-07-24,300750,186.32,0.000644,819585761.6,14468136.0,宁德时代 CATL
2024-07-25,300750,187.73,0.007568,825788079.79,20595888.0,宁德时代 CATL
2024-07-26,300750,189.35,0.008629,832914147.49,23347718.0,宁德时代 CATL
2024-07-29,300750,184.53,-0.025456,811711896.68,21362366.0,宁德时代 CATL
2024-07-30,300750,184.89,0.001951,813295467.28,12725163.0,宁德时代 CATL
2024-07-31,300750,186.31,0.00768,819541773.53,19896940.0,宁德时代 CATL
2024-08-01,300750,180.3,-0.032258,793104942.13,23012659.0,宁德时代 CATL
2024-08-02,300750,177.09,-0.017804,778984770.94,15493685.0,宁德时代 CATL
2024-08-05,300750,177.0,-0.000508,778588878.29,19347659.0,宁德时代 CATL
2024-08-06,300750,174.95,-0.011582,769571323.49,15768703.0,宁德时代 CATL
2024-08-07,300750,173.67,-0.007316,763940850.24,12753959.0,宁德时代 CATL
2024-08-08,300750,172.4,-0.007313,758354365.07,14658996.0,宁德时代 CATL
2024-08-09,300750,170.0,-0.013921,747797227.74,15412989.0,宁德时代 CATL
2024-08-12,300750,169.0,-0.005882,743398420.52,17415581.0,宁德时代 CATL
2024-08-13,300750,173.78,0.028284,764424719.04,19389256.0,宁德时代 CATL
2024-08-14,300750,172.21,-0.009034,757518591.7,9966285.0,宁德时代 CATL
2024-08-15,300750,173.4,0.00691,762753172.29,14481202.0,宁德时代 CATL
2024-08-16,300750,173.62,0.001269,763720909.88,11150641.0,宁德时代 CATL
2024-08-19,300750,175.6,0.011404,772430548.18,14035843.0,宁德时代 CATL
2024-08-20,300750,174.87,-0.004157,769219418.91,8436955.0,宁德时代 CATL
2024-08-21,300750,174.01,-0.004918,765436444.7,11147405.0,宁德时代 CATL
2024-08-22,300750,178.8,0.027527,786506731.29,19901136.0,宁德时代 CATL
2024-08-23,300750,181.8,0.016779,799703152.96,18415176.0,宁德时代 CATL
2024-08-26,300750,183.92,0.011661,809028624.27,14838749.0,宁德时代 CATL
2024-08-27,300750,183.5,-0.002284,807181125.24,9976992.0,宁德时代 CATL
2024-08-28,300750,182.82,-0.003706,804189936.33,10639015.0,宁德时代 CATL
2024-08-29,300750,180.8,-0.011049,795304345.74,15670242.0,宁德时代 CATL
2024-08-30,300750,184.34,0.01958,810876123.3,25429171.0,宁德时代 CATL
2023-10-09,600519,1777.0,-0.011982,2232263490.6,2976268.0,贵州茅台 Kweichow
2023-10-10,600519,1770.0,-0.003939,2223470106.0,2028392.0,贵州茅台 Kweichow
2023-10-11,600519,1778.5,0.004802,2234147787.3,2194486.0,贵州茅台 Kweichow
2023-10-12,600519,1786.0,0.004217,2243569270.8,1486507.0,贵州茅台 Kweichow
2023-10-13,600519,1751.0,-0.019597,2199602347.8,2502788.0,贵州茅台 Kweichow
2023-10-16,600519,1729.9,-0.01205,2173096574.22,2078965.0,贵州茅台 Kweichow
2023-10-17,600519,1726.0,-0.002254,2168197402.8,1494523.0,贵州茅台 Kweichow
2023-10-18,600519,1728.0,0.001159,2170709798.4,2031750.0,贵州茅台 Kweichow
2023-10-19,600519,1630.0,-0.056713,2047602414.0,7349237.0,贵州茅台 Kweichow
2023-10-20,600519,1645.0,0.009202,2066445381.0,4537601.0,贵州茅台 Kweichow
2023-10-23,600519,1643.98,-0.00062,2065164059.24,2523423.0,贵州茅台 Kweichow
2023-10-24,600519,1642.95,-0.000627,2063870175.51,2986146.0,贵州茅台 Kweichow
2023-10-25,600519,1677.5,0.021029,2107271809.5,3617898.0,贵州茅台 Kweichow
2023-10-26,600519,1672.23,-0.003142,2100651647.09,2238635.0,贵州茅台 Kweichow
2023-10-27,600519,1676.71,0.002679,2106279413.24,3426239.0,贵州茅台 Kweichow
2023-10-30,600519,1681.0,0.002559,2111668501.8,2408642.0,贵州茅台 Kweichow
2023-10-31,600519,1684.58,0.00213,2116165689.92,1985877.0,贵州茅台 Kweichow
2023-11-01,600519,1780.99,0.057231,2237275719.82,9314308.0,贵州茅台 Kweichow
2023-11-02,600519,1779.5,-0.000837,2235403985.1,2790764.0,贵州茅台 Kweichow
2023-11-03,600519,1811.24,0.017836,2275275703.27,3017600.0,贵州茅台 Kweichow
2023-11-06,600519,1812.0,0.00042,2276230413.6,2552392.0,贵州茅台 Kweichow
2023-11-07,600519,1791.17,-0.011496,2250063813.43,1958159.0,贵州茅台 Kweichow
2023-11-08,600519,1798.34,0.004003,2259070751.65,1454567.0,贵州茅台 Kweichow
2023-11-09,600519,1794.11,-0.002352,2253757034.96,1280048.0,贵州茅台 Kweichow
2023-11-10,600519,1775.84,-0.010183,2230806301.15,1646557.0,贵州茅台 Kweichow
2023-11-13,600519,1764.0,-0.006667,2215932919.2,1836995.0,贵州茅台 Kweichow
2023-11-14,600519,1765.27,0.00072,2217528290.41,1281675.0,贵州茅台 Kweichow
2023-11-15,600519,1772.93,0.004339,2227150765.55,1843486.0,贵州茅台 Kweichow
2023-11-16,600519,1760.05,-0.007265,2210970937.89,1255757.0,贵州茅台 Kweichow
2023-11-17,600519,1753.42,-0.003767,2202642346.48,2171363.0,贵州茅台 Kweichow
2023-11-20,600519,1762.5,0.005178,2214048622.5,1860804.0,贵州茅台 Kweichow
2023-11-21,600519,1790.0,0.015603,2248594062.0,3009845.0,贵州茅台 Kweichow
2023-11-22,600519,1781.51,-0.004743,2237928942.68,1266457.0,贵州茅台 Kweichow
2023-11-23,600519,1786.0,0.00252,2243569270.8,1154964.0,贵州茅台 Kweichow
2023-11-24,600519,1777.0,-0.005039,2232263490.6,1308540.0,贵州茅台 Kweichow
2023-11-27,600519,1763.0,-0.007878,2214676721.4,1626074.0,贵州茅台 Kweichow
2023-11-28,600519,1769.04,0.003426,2222264156.11,1451976.0,贵州茅台 Kweichow
2023-11-29,600519,1774.71,0.003205,2229386797.64,1714933.0,贵州茅台 Kweichow
2023-11-30,600519,1791.5,0.009461,2250478358.7,2135342.0,贵州茅台 Kweichow
2023-12-01,600519,1760.28,-0.017427,2211259863.38,3305131.0,贵州茅台 Kweichow
2023-12-04,600519,1750.71,-0.005437,2199238050.44,1844047.0,贵州茅台 Kweichow
2023-12-05,600519,1709.0,-0.023825,2146842040.2,2990301.0,贵州茅台 Kweichow
2023-12-06,600519,1703.0,-0.003511,2139304853.4,2385129.0,贵州茅台 Kweichow
2023-12-07,600519,1700.0,-0.001762,2135536260.0,2504150.0,贵州茅台 Kweichow
2023-12-08,600519,1704.92,0.002894,2141716753.18,2628801.0,贵州茅台 Kweichow
2023-12-11,600519,1698.0,-0.004059,2133023864.4,3683098.0,贵州茅台 Kweichow
2023-12-12,600519,1709.99,0.007061,2148085676.02,2101066.0,贵州茅台 Kweichow
2023-12-13,600519,1660.0,-0.029234,2085288348.0,3878870.0,贵州茅台 Kweichow
2023-12-14,600519,1635.9,-0.014518,2055013981.02,4067215.0,贵州茅台 Kweichow
2023-12-15,600519,1645.0,0.005563,2066445381.0,3709251.0,贵州茅台 Kweichow
2023-12-18,600519,1662.0,0.010334,2087800743.6,1989734.0,贵州茅台 Kweichow
2023-12-19,600519,1675.0,0.007822,2104131315.0,2220676.0,贵州茅台 Kweichow
2023-12-20,600519,1649.79,-0.003645,2072462568.46,2309203.0,贵州茅台 Kweichow
2023-12-21,600519,1670.0,0.01225,2097850326.0,2901168.0,贵州茅台 Kweichow
2023-12-22,600519,1670.65,0.000389,2098666854.57,2166684.0,贵州茅台 Kweichow
2023-12-25,600519,1672.0,0.000808,2100362721.6,1247106.0,贵州茅台 Kweichow
2023-12-26,600519,1670.0,-0.001196,2097850326.0,1477126.0,贵州茅台 Kweichow
2023-12-27,600519,1667.06,-0.00176,2094157104.47,1605550.0,贵州茅台 Kweichow
2023-12-28,600519,1724.99,0.03475,2166928643.02,3833806.0,贵州茅台 Kweichow
2023-12-29,600519,1726.0,0.000586,2168197402.8,2753868.0,贵州茅台 Kweichow
2024-01-02,600519,1685.01,-0.023749,2116705854.98,3215644.0,贵州茅台 Kweichow
2024-01-03,600519,1694.0,0.005335,2127999073.2,2022929.0,贵州茅台 Kweichow
2024-01-04,600519,1669.0,-0.014758,2096594128.2,2155107.0,贵州茅台 Kweichow
2024-01-05,600519,1663.36,-0.003379,2089509172.61,2024286.0,贵州茅台 Kweichow
2024-01-08,600519,1643.99,-0.011645,2065176621.22,2558620.0,贵州茅台 Kweichow
2024-01-09,600519,1641.0,-0.001819,2061420589.8,2441204.0,贵州茅台 Kweichow
2024-01-10,600519,1641.5,0.000305,2062048688.7,1735067.0,贵州茅台 Kweichow
2024-01-11,600519,1646.57,0.003089,2068417611.55,1644055.0,贵州茅台 Kweichow
2024-01-12,600519,1643.06,-0.002132,2064008357.27,1160324.0,贵州茅台 Kweichow
2024-01-15,600519,1640.0,-0.001862,2060164392.0,1785403.0,贵州茅台 Kweichow
2024-01-16,600519,1639.43,-0.000348,2059448359.25,2590314.0,贵州茅台 Kweichow
2024-01-17,600519,1577.0,-0.03808,1981023930.6,5163276.0,贵州茅台 Kweichow
2024-01-18,600519,1610.87,0.021477,2023571350.09,6043981.0,贵州茅台 Kweichow
2024-01-19,600519,1635.0,0.014979,2053883403.0,4637843.0,贵州茅台 Kweichow
2024-01-22,600519,1642.0,0.004281,2062676787.6,4694589.0,贵州茅台 Kweichow
2024-01-23,600519,1619.0,-0.014007,2033784238.2,3483490.0,贵州茅台 Kweichow
2024-01-24,600519,1626.0,0.004324,2042577622.8,3321635.0,贵州茅台 Kweichow
2024-01-25,600519,1638.0,0.00738,2057651996.4,3120580.0,贵州茅台 Kweichow
2024-01-26,600519,1637.32,-0.000415,2056797781.9,2695475.0,贵州茅台 Kweichow
2024-01-29,600519,1650.0,0.007744,2072726370.0,3142068.0,贵州茅台 Kweichow
2024-01-30,600519,1613.0,-0.022424,2026247051.4,3086633.0,贵州茅台 Kweichow
2024-01-31,600519,1604.91,-0.005015,2016084411.2,2964912.0,贵州茅台 Kweichow
2024-02-01,600519,1610.03,0.00319,2022516143.93,2648515.0,贵州茅台 Kweichow
2024-02-02,600519,1596.0,-0.008714,2004891688.8,3938202.0,贵州茅台 Kweichow
2024-02-05,600519,1630.01,0.02131,2047614975.98,5313036.0,贵州茅台 Kweichow
2024-02-06,600519,1676.0,0.028215,2105387512.8,5247204.0,贵州茅台 Kweichow
2024-02-07,600519,1710.99,0.020877,2149341873.82,5260107.0,贵州茅台 Kweichow
2024-02-08,600519,1706.0,-0.002916,2143073446.8,4675654.0,贵州茅台 Kweichow
2024-02-19,600519,1695.43,-0.006196,2129795436.05,3697744.0,贵州茅台 Kweichow
2024-02-20,600519,1670.0,-0.014999,2097850326.0,3447007.0,贵州茅台 Kweichow
2024-02-21,600519,1717.66,0.028539,2157720713.15,4615407.0,贵州茅台 Kweichow
2024-02-22,600519,1718.38,0.000419,2158625175.56,2279361.0,贵州茅台 Kweichow
2024-02-23,600519,1714.09,-0.002497,2153236087.0,2730589.0,贵州茅台 Kweichow
2024-02-26,600519,1694.98,-0.011149,2129230147.04,2731832.0,贵州茅台 Kweichow
2024-02-27,600519,1689.5,-0.003233,2122346183.1,2207985.0,贵州茅台 Kweichow
2024-02-28,600519,1681.55,-0.004706,2112359410.59,3186731.0,贵州茅台 Kweichow
2024-02-29,600519,1695.0,0.007999,2129255271.0,2475833.0,贵州茅台 Kweichow
2024-03-01,600519,1685.06,-0.005864,2116768664.87,2686796.0,贵州茅台 Kweichow
2024-03-04,600519,1676.3,-0.005199,2105764372.14,2648477.0,贵州茅台 Kweichow
2024-03-05,600519,1695.1,0.011215,2129380890.78,3623837.0,贵州茅台 Kweichow
2024-03-06,600519,1680.55,-0.008584,2111103212.79,2214248.0,贵州茅台 Kweichow
2024-03-07,600519,1683.63,0.001833,2114972302.01,2159912.0,贵州茅台 Kweichow
2024-03-08,600519,1671.43,-0.007246,2099646688.85,2215623.0,贵州茅台 Kweichow
2024-03-11,600519,1694.49,0.013797,2128614610.12,2989509.0,贵州茅台 Kweichow
2024-03-12,600519,1745.0,0.029808,2192065161.0,5422654.0,贵州茅台 Kweichow
2024-03-13,600519,1727.45,-0.010057,2170018889.61,2649954.0,贵州茅台 Kweichow
2024-03-14,600519,1716.63,-0.006264,2156426829.41,1940479.0,贵州茅台 Kweichow
2024-03-15,600519,1717.49,0.000501,2157507159.52,1783358.0,贵州茅台 Kweichow
2024-03-18,600519,1708.26,-0.005374,2145912453.83,2605501.0,贵州茅台 Kweichow
2024-03-19,600519,1708.02,-0.00014,2145610966.36,2394753.0,贵州茅台 Kweichow
2024-03-20,600519,1709.6,0.000925,2147595758.88,1524925.0,贵州茅台 Kweichow
2024-03-21,600519,1709.0,-0.000351,2146842040.2,1659597.0,贵州茅台 Kweichow
2024-03-22,600519,1701.35,-0.004476,2137232127.03,2545614.0,贵州茅台 Kweichow
2024-03-25,600519,1689.01,-0.007253,2121730646.18,2447285.0,贵州茅台 Kweichow
2024-03-26,600519,1709.29,0.012007,2147206337.56,2806907.0,贵州茅台 Kweichow
2024-03-27,600519,1701.0,-0.00485,2136792457.8,1811258.0,贵州茅台 Kweichow
2024-03-28,600519,1701.64,0.000376,2137596424.39,2464218.0,贵州茅台 Kweichow
2024-03-29,600519,1702.9,0.00074,2139179233.62,1345655.0,贵州茅台 Kweichow
2024-04-01,600519,1721.33,0.010823,2162330959.07,2713137.0,贵州茅台 Kweichow
2024-04-02,600519,1713.99,-0.004264,2153110467.22,2544925.0,贵州茅台 Kweichow
2024-04-03,600519,1715.11,0.000653,2154517408.76,2904580.0,贵州茅台 Kweichow
2024-04-08,600519,1666.66,-0.028249,2093654625.35,5916659.0,贵州茅台 Kweichow
2024-04-09,600519,1662.22,-0.002664,2088077107.12,2558982.0,贵州茅台 Kweichow
2024-04-10,600519,1647.98,-0.008567,2070188850.44,2763050.0,贵州茅台 Kweichow
2024-04-11,600519,1648.0,1.2e-05,2070213974.4,2276624.0,贵州茅台 Kweichow
2024-04-12,600519,1634.03,-0.008477,2052664891.13,2674433.0,贵州茅台 Kweichow
2024-04-15,600519,1672.98,0.023837,2101593795.44,3581771.0,贵州茅台 Kweichow
2024-04-16,600519,1670.0,-0.001781,2097850326.0,2626623.0,贵州茅台 Kweichow
2024-04-17,600519,1667.0,-0.001796,2094081732.6,2481911.0,贵州茅台 Kweichow
2024-04-18,600519,1670.78,0.002268,2098830160.28,2656841.0,贵州茅台 Kweichow
2024-04-19,600519,1646.64,-0.014448,2068505545.39,2349992.0,贵州茅台 Kweichow
2024-04-22,600519,1675.06,0.017259,2104206686.87,2995139.0,贵州茅台 Kweichow
2024-04-23,600519,1692.28,0.01028,2125838412.98,2497995.0,贵州茅台 Kweichow
2024-04-24,600519,1693.6,0.00078,2127496594.08,1708643.0,贵州茅台 Kweichow
2024-04-25,600519,1693.04,-0.000331,2126793123.31,1447648.0,贵州茅台 Kweichow
2024-04-26,600519,1709.43,0.009681,2147382205.25,3099592.0,贵州茅台 Kweichow
2024-04-29,600519,1704.0,-0.003176,2140561051.2,4133223.0,贵州茅台 Kweichow
2024-04-30,600519,1705.0,0.000587,2141817249.0,3075989.0,贵州茅台 Kweichow
2024-05-06,600519,1760.2,0.032375,2211159367.56,5990949.0,贵州茅台 Kweichow
2024-05-07,600519,1770.0,0.005568,2223470106.0,2492452.0,贵州茅台 Kweichow
2024-05-08,600519,1763.97,-0.003407,2215895233.27,1476909.0,贵州茅台 Kweichow
2024-05-09,600519,1756.0,-0.004518,2205883336.8,2238734.0,贵州茅台 Kweichow
2024-05-10,600519,1738.98,-0.009692,2184502850.24,2620661.0,贵州茅台 Kweichow
2024-05-13,600519,1706.0,-0.018965,2143073446.8,3766212.0,贵州茅台 Kweichow
2024-05-14,600519,1701.98,-0.002356,2138023531.64,2127417.0,贵州茅台 Kweichow
2024-05-15,600519,1700.0,-0.001163,2135536260.0,1573876.0,贵州茅台 Kweichow
2024-05-16,600519,1704.5,0.002647,2141189150.1,2967954.0,贵州茅台 Kweichow
2024-05-17,600519,1715.0,0.00616,2154379227.0,2892388.0,贵州茅台 Kweichow
2024-05-20,600519,1709.0,-0.003499,2146842040.2,3142572.0,贵州茅台 Kweichow
2024-05-21,600519,1705.0,-0.002341,2141817249.0,1629339.0,贵州茅台 Kweichow
2024-05-22,600519,1697.71,-0.004276,2132659567.04,2028568.0,贵州茅台 Kweichow
2024-05-23,600519,1692.01,-0.003357,2125499239.58,1888497.0,贵州茅台 Kweichow
2024-05-24,600519,1677.08,-0.008824,2106744206.42,2021663.0,贵州茅台 Kweichow
2024-05-27,600519,1670.12,-0.00415,2098001069.74,2509791.0,贵州茅台 Kweichow
2024-05-28,600519,1664.64,-0.003281,2091117105.79,2352087.0,贵州茅台 Kweichow
2024-05-29,600519,1674.0,0.005623,2102875117.2,1965128.0,贵州茅台 Kweichow
2024-05-30,600519,1649.0,-0.014934,2071470172.2,3220792.0,贵州茅台 Kweichow
2024-05-31,600519,1648.45,-0.000334,2070779263.41,2185665.0,贵州茅台 Kweichow
2024-06-03,600519,1639.39,-0.005496,2059398111.34,3026105.0,贵州茅台 Kweichow
2024-06-04,600519,1653.2,0.008424,2076746202.96,2084108.0,贵州茅台 Kweichow
2024-06-05,600519,1644.0,-0.005565,2065189183.2,1905557.0,贵州茅台 Kweichow
2024-06-06,600519,1639.81,-0.002549,2059925714.42,2561005.0,贵州茅台 Kweichow
2024-06-07,600519,1619.18,-0.012581,2034010353.8,3352455.0,贵州茅台 Kweichow
2024-06-11,600519,1569.0,-0.030991,1970974348.2,7024676.0,贵州茅台 Kweichow
2024-06-12,600519,1571.68,0.001708,1974340958.3,3317050.0,贵州茅台 Kweichow
2024-06-13,600519,1555.01,-0.010606,1953400140.98,3618597.0,贵州茅台 Kweichow
2024-06-14,600519,1555.0,-6e-06,1953387579.0,5951416.0,贵州茅台 Kweichow
2024-06-17,600519,1541.5,-0.008682,1936428908.7,4831816.0,贵州茅台 Kweichow
2024-06-18,600519,1521.5,-0.012974,1911304952.7,4125825.0,贵州茅台 Kweichow
2024-06-19,600519,1501.0,0.006819,1885552897.8,4126153.0,贵州茅台 Kweichow
2024-06-20,600519,1500.1,-0.0006,1884422319.78,2471068.0,贵州茅台 Kweichow
2024-06-21,600519,1471.0,-0.019399,1847866963.8,4331997.0,贵州茅台 Kweichow
2024-06-24,600519,1476.55,0.003773,1854838861.59,6383993.0,贵州茅台 Kweichow
2024-06-25,600519,1486.65,0.00684,1867526459.37,4209795.0,贵州茅台 Kweichow
2024-06-26,600519,1489.22,0.001729,1870754887.72,2956977.0,贵州茅台 Kweichow
2024-06-27,600519,1490.49,0.000853,1872350258.92,3282178.0,贵州茅台 Kweichow
2024-06-28,600519,1467.39,-0.015498,1843332089.74,3858202.0,贵州茅台 Kweichow
2024-07-01,600519,1440.38,-0.018407,1809402187.16,3216138.0,贵州茅台 Kweichow
2024-07-02,600519,1490.7,0.034935,1872614060.46,5185298.0,贵州茅台 Kweichow
2024-07-03,600519,1500.0,0.006239,1884296700.0,3157326.0,贵州茅台 Kweichow
2024-07-04,600519,1485.74,-0.009507,1866383319.37,2437973.0,贵州茅台 Kweichow
2024-07-05,600519,1453.0,-0.022036,1825255403.4,3882938.0,贵州茅台 Kweichow
2024-07-08,600519,1420.0,-0.022712,1783800876.0,3952705.0,贵州茅台 Kweichow
2024-07-09,600519,1438.03,0.012697,1806450122.33,3362071.0,贵州茅台 Kweichow
2024-07-10,600519,1437.59,-0.000306,1805897395.3,2376322.0,贵州茅台 Kweichow
2024-07-11,600519,1462.09,0.017042,1836674241.4,2902014.0,贵州茅台 Kweichow
2024-07-12,600519,1478.82,0.011443,1857690430.6,2338634.0,贵州茅台 Kweichow
2024-07-15,600519,1474.9,-0.002651,1852766135.22,1917626.0,贵州茅台 Kweichow
2024-07-16,600519,1476.0,0.000746,1854147952.8,2031644.0,贵州茅台 Kweichow
2024-07-17,600519,1501.4,0.017209,1886055376.92,3431101.0,贵州茅台 Kweichow
2024-07-18,600519,1497.51,-0.002591,1881168767.48,2887039.0,贵州茅台 Kweichow
2024-07-19,600519,1525.62,0.018771,1916480487.64,3894291.0,贵州茅台 Kweichow
2024-07-22,600519,1499.0,-0.017449,1883040502.2,2854321.0,贵州茅台 Kweichow
2024-07-23,600519,1455.0,-0.029353,1827767799.0,3094396.0,贵州茅台 Kweichow
2024-07-24,600519,1440.02,-0.010296,1808949955.96,2412255.0,贵州茅台 Kweichow
2024-07-25,600519,1430.49,-0.006618,1796978390.92,2834656.0,贵州茅台 Kweichow
2024-07-26,600519,1422.19,-0.005802,1786551949.18,3235379.0,贵州茅台 Kweichow
2024-07-29,600519,1398.02,-0.016995,1756189648.36,3086907.0,贵州茅台 Kweichow
2024-07-30,600519,1379.99,-0.012897,1733540402.02,5177904.0,贵州茅台 Kweichow
2024-07-31,600519,1421.28,0.029921,1785408809.18,4327232.0,贵州茅台 Kweichow
2024-08-01,600519,1386.16,-0.02471,1741291142.45,3203810.0,贵州茅台 Kweichow
2024-08-02,600519,1385.45,-0.000512,1740399242.01,2192769.0,贵州茅台 Kweichow
2024-08-05,600519,1410.01,0.017727,1771251459.98,3773607.0,贵州茅台 Kweichow
2024-08-06,600519,1404.7,-0.003766,1764581049.66,2744433.0,贵州茅台 Kweichow
2024-08-07,600519,1415.5,0.007688,1778147985.9,2062221.0,贵州茅台 Kweichow
2024-08-08,600519,1430.69,0.010731,1797229630.48,2513082.0,贵州茅台 Kweichow
2024-08-09,600519,1436.8,0.004271,1804904999.04,3013849.0,贵州茅台 Kweichow
2024-08-12,600519,1436.1,-0.000487,1804025660.58,1363203.0,贵州茅台 Kweichow
2024-08-13,600519,1423.01,-0.009115,1787582031.38,1630843.0,贵州茅台 Kweichow
2024-08-14,600519,1413.3,-0.006824,1775384350.74,1341431.0,贵州茅台 Kweichow
2024-08-15,600519,1426.89,0.009616,1792456078.84,2303897.0,贵州茅台 Kweichow
2024-08-16,600519,1431.2,0.003021,1797870291.36,1645470.0,贵州茅台 Kweichow
2024-08-19,600519,1425.44,-0.004025,1790634592.03,2043279.0,贵州茅台 Kweichow
2024-08-20,600519,1422.72,-0.001908,1787217734.02,1859138.0,贵州茅台 Kweichow
2024-08-21,600519,1417.58,-0.003613,1780760877.32,1509165.0,贵州茅台 Kweichow
2024-08-22,600519,1410.05,-0.005312,1771301707.89,1952729.0,贵州茅台 Kweichow
2024-08-23,600519,1414.99,0.003503,1777507325.02,1532046.0,贵州茅台 Kweichow
2024-08-26,600519,1412.0,-0.002113,1773751293.6,1562841.0,贵州茅台 Kweichow
2024-08-27,600519,1404.07,-0.005616,1763789645.05,1365740.0,贵州茅台 Kweichow
2024-08-28,600519,1389.0,-0.010733,1744858744.2,3166351.0,贵州茅台 Kweichow
2024-08-29,600519,1413.3,0.017495,1775384350.74,2747161.0,贵州茅台 Kweichow
2024-08-30,600519,1443.19,0.021149,1812932102.98,3873923.0,贵州茅台 Kweichow
