date,permno,prc,ret,vol,shrout,retx,ticker
2023-10-02,12369,32.47,-0.015165,10966089.0,1375905.0,-0.015165,GM
2023-10-03,12369,31.38,-0.03357,13060897.0,1375905.0,-0.03357,GM
2023-10-04,12369,31.04,-0.010835,13412225.0,1375905.0,-0.010835,GM
2023-10-05,12369,30.31,-0.023518,25255371.0,1375905.0,-0.023518,GM
2023-10-06,12369,30.9,0.019466,22422220.0,1375905.0,0.019466,GM
2023-10-09,12369,30.99,0.002913,9111958.0,1375905.0,0.002913,GM
2023-10-10,12369,31.48,0.015812,11985693.0,1375905.0,0.015812,GM
2023-10-11,12369,30.98,-0.015883,10673693.0,1375905.0,-0.015883,GM
2023-10-12,12369,30.32,-0.021304,11355490.0,1375905.0,-0.021304,GM
2023-10-13,12369,29.66,-0.021768,16720019.0,1375905.0,-0.021768,GM
2023-10-16,12369,30.06,0.013486,14711486.0,1375905.0,0.013486,GM
2023-10-17,12369,30.33,0.008982,19812347.0,1375905.0,0.008982,GM
2023-10-18,12369,29.48,-0.028025,14318892.0,1375905.0,-0.028025,GM
2023-10-19,12369,29.33,-0.005088,18053815.0,1375905.0,-0.005088,GM
2023-10-20,12369,29.66,0.011251,21643505.0,1375905.0,0.011251,GM
2023-10-23,12369,29.22,-0.014835,17917713.0,1375905.0,-0.014835,GM
2023-10-24,12369,28.56,-0.022587,26058061.0,1375905.0,-0.022587,GM
2023-10-25,12369,29.01,0.015756,24400382.0,1375905.0,0.015756,GM
2023-10-26,12369,28.55,-0.015857,22788190.0,1375905.0,-0.015857,GM
2023-10-27,12369,27.22,-0.046585,25825614.0,1375905.0,-0.046585,GM
2023-10-30,12369,27.36,0.005143,23227259.0,1375905.0,0.005143,GM
2023-10-31,12369,28.2,0.030702,17507154.0,1369481.0,0.030702,GM
2023-11-01,12369,28.0,-0.007092,17363988.0,1369481.0,-0.007092,GM
2023-11-02,12369,28.8,0.028571,15531401.0,1369481.0,0.028571,GM
2023-11-03,12369,29.77,0.033681,17424148.0,1369481.0,0.033681,GM
2023-11-06,12369,29.11,-0.02217,12409881.0,1369481.0,-0.02217,GM
2023-11-07,12369,28.41,-0.024047,18254083.0,1369481.0,-0.024047,GM
2023-11-08,12369,27.56,-0.029919,18282623.0,1369481.0,-0.029919,GM
2023-11-09,12369,26.65,-0.033019,16045870.0,1369481.0,-0.033019,GM
2023-11-10,12369,26.85,0.007505,16951433.0,1369481.0,0.007505,GM
2023-11-13,12369,26.9,0.001862,16394288.0,1369481.0,0.001862,GM
2023-11-14,12369,28.2,0.048327,24219687.0,1369481.0,0.048327,GM
2023-11-15,12369,28.14,-0.002128,19628862.0,1369481.0,-0.002128,GM
2023-11-16,12369,27.48,-0.023454,16691958.0,1369481.0,-0.023454,GM
2023-11-17,12369,28.03,0.020015,19924917.0,1369481.0,0.020015,GM
2023-11-20,12369,28.52,0.017481,19367745.0,1369481.0,0.017481,GM
2023-11-21,12369,27.9,-0.021739,19693519.0,1369481.0,-0.021739,GM
2023-11-22,12369,28.1,0.007168,11356786.0,1369481.0,0.007168,GM
2023-11-24,12369,28.18,0.002847,6941407.0,1369481.0,0.002847,GM
2023-11-27,12369,28.5,0.011356,19878792.0,1369481.0,0.011356,GM
2023-11-28,12369,28.89,0.013684,18156722.0,1369481.0,0.013684,GM
2023-11-29,12369,31.6,0.093804,85193705.0,1369481.0,0.093804,GM
2023-11-30,12369,31.6,0.002848,45236466.0,1369481.0,0.0,GM
2023-12-01,12369,32.36,0.024051,31661681.0,1369481.0,0.024051,GM
2023-12-04,12369,33.07,0.021941,29590142.0,1369481.0,0.021941,GM
2023-12-05,12369,32.68,-0.011793,25717596.0,1369481.0,-0.011793,GM
2023-12-06,12369,32.91,0.007038,21736177.0,1369481.0,0.007038,GM
2023-12-07,12369,33.51,0.018232,20158835.0,1369481.0,0.018232,GM
2023-12-08,12369,33.75,0.007162,20280227.0,1369481.0,0.007162,GM
2023-12-11,12369,33.58,-0.005037,23314405.0,1369481.0,-0.005037,GM
2023-12-12,12369,33.42,-0.004765,22492061.0,1369481.0,-0.004765,GM
2023-12-13,12369,33.99,0.017056,28807107.0,1369481.0,0.017056,GM
2023-12-14,12369,36.25,0.06649,35593063.0,1369481.0,0.06649,GM
2023-12-15,12369,35.73,-0.014345,34158069.0,1369481.0,-0.014345,GM
2023-12-18,12369,35.44,-0.008116,18151795.0,1369481.0,-0.008116,GM
2023-12-19,12369,35.87,0.012133,11875436.0,1369481.0,0.012133,GM
2023-12-20,12369,35.47,-0.011151,16585372.0,1369481.0,-0.011151,GM
2023-12-21,12369,36.25,0.02199,18421873.0,1369481.0,0.02199,GM
2023-12-22,12369,36.02,-0.006345,15027614.0,1369481.0,-0.006345,GM
2023-12-26,12369,36.13,0.003054,10733850.0,1369481.0,0.003054,GM
2023-12-27,12369,36.08,-0.001384,11128541.0,1369481.0,-0.001384,GM
2023-12-28,12369,36.2,0.003326,9719449.0,1369481.0,0.003326,GM
2023-12-29,12369,35.92,-0.007735,14127707.0,1369481.0,-0.007735,GM
2024-01-02,12369,36.05,0.003619,17501349.0,1369481.0,0.003619,GM
2024-01-03,12369,35.27,-0.021637,20308755.0,1369481.0,-0.021637,GM
2024-01-04,12369,35.49,0.006238,20138040.0,1369481.0,0.006238,GM
2024-01-05,12369,35.99,0.014089,15019201.0,1369481.0,0.014089,GM
2024-01-08,12369,36.7,0.019728,13774769.0,1369481.0,0.019728,GM
2024-01-09,12369,36.54,-0.00436,13892790.0,1369481.0,-0.00436,GM
2024-01-10,12369,36.31,-0.006294,16042615.0,1369481.0,-0.006294,GM
2024-01-11,12369,35.86,-0.012393,14628237.0,1369481.0,-0.012393,GM
2024-01-12,12369,35.26,-0.016732,16651459.0,1369481.0,-0.016732,GM
2024-01-16,12369,35.39,0.003687,18287234.0,1369481.0,0.003687,GM
2024-01-17,12369,35.01,-0.010738,15352760.0,1369481.0,-0.010738,GM
2024-01-18,12369,34.58,-0.012282,22571837.0,1369481.0,-0.012282,GM
2024-01-19,12369,35.51,0.026894,17599019.0,1369481.0,0.026894,GM
2024-01-22,12369,35.32,-0.005351,15127058.0,1369481.0,-0.005351,GM
2024-01-23,12369,35.23,-0.002548,16822833.0,1369481.0,-0.002548,GM
2024-01-24,12369,34.7,-0.015044,15483431.0,1369481.0,-0.015044,GM
2024-01-25,12369,35.16,0.013257,21520315.0,1369481.0,0.013257,GM
2024-01-26,12369,35.18,0.000569,14190100.0,1369481.0,0.000569,GM
2024-01-29,12369,35.39,0.005969,24054758.0,1369481.0,0.005969,GM
2024-01-30,12369,38.15,0.077988,57982618.0,1369481.0,0.077988,GM
2024-01-31,12369,38.8,0.017038,34203076.0,1154433.0,0.017038,GM
2024-02-01,12369,38.87,0.001804,21343029.0,1154433.0,0.001804,GM
2024-02-02,12369,38.91,0.001029,19818286.0,1154433.0,0.001029,GM
2024-02-05,12369,37.79,-0.028784,19722400.0,1154433.0,-0.028784,GM
2024-02-06,12369,38.03,0.006351,16288896.0,1154433.0,0.006351,GM
2024-02-07,12369,38.72,0.018144,19093754.0,1154433.0,0.018144,GM
2024-02-08,12369,38.65,-0.001808,15864503.0,1154433.0,-0.001808,GM
2024-02-09,12369,38.56,-0.002329,13065974.0,1154433.0,-0.002329,GM
2024-02-12,12369,39.28,0.018672,18113133.0,1154433.0,0.018672,GM
2024-02-13,12369,38.31,-0.024694,18979037.0,1154433.0,-0.024694,GM
2024-02-14,12369,38.37,0.001566,13278490.0,1154433.0,0.001566,GM
2024-02-15,12369,38.99,0.016159,15688586.0,1154433.0,0.016159,GM
2024-02-16,12369,38.7,-0.007438,12396651.0,1154433.0,-0.007438,GM
2024-02-20,12369,39.01,0.00801,16971324.0,1154433.0,0.00801,GM
2024-02-21,12369,39.49,0.012305,15987810.0,1154433.0,0.012305,GM
2024-02-22,12369,39.34,-0.003798,11458142.0,1154433.0,-0.003798,GM
2024-02-23,12369,39.63,0.007372,15194425.0,1154433.0,0.007372,GM
2024-02-26,12369,39.79,0.004037,16610224.0,1154433.0,0.004037,GM
2024-02-27,12369,40.18,0.009801,11507720.0,1154433.0,0.009801,GM
2024-02-28,12369,40.63,0.0112,15697520.0,1154433.0,0.0112,GM
2024-02-29,12369,40.98,0.011568,18005220.0,1154433.0,0.008614,GM
2024-03-01,12369,40.99,0.000244,13079612.0,1154433.0,0.000244,GM
2024-03-04,12369,40.93,-0.001464,14703085.0,1154433.0,-0.001464,GM
2024-03-05,12369,40.65,-0.006841,18913473.0,1154433.0,-0.006841,GM
2024-03-06,12369,40.15,-0.0123,15511179.0,1154433.0,-0.0123,GM
2024-03-07,12369,39.35,-0.019925,15428027.0,1154433.0,-0.019925,GM
2024-03-08,12369,39.5,0.003812,12923874.0,1154433.0,0.003812,GM
2024-03-11,12369,39.53,0.000759,11659067.0,1154433.0,0.000759,GM
2024-03-12,12369,39.21,-0.008095,19442475.0,1154433.0,-0.008095,GM
2024-03-13,12369,40.26,0.026779,19081322.0,1154433.0,0.026779,GM
2024-03-14,12369,39.38,-0.021858,18012944.0,1154433.0,-0.021858,GM
2024-03-15,12369,40.69,0.033266,82751221.0,1154433.0,0.033266,GM
2024-03-18,12369,40.82,0.003195,16126578.0,1154433.0,0.003195,GM
2024-03-19,12369,41.51,0.016903,15936425.0,1154433.0,0.016903,GM
2024-03-20,12369,42.85,0.032281,16909341.0,1154433.0,0.032281,GM
2024-03-21,12369,43.42,0.013302,15268254.0,1154433.0,0.013302,GM
2024-03-22,12369,43.06,-0.008291,9393825.0,1154433.0,-0.008291,GM
2024-03-25,12369,43.55,0.011379,14644724.0,1154433.0,0.011379,GM
2024-03-26,12369,44.0,0.010333,15961253.0,1154433.0,0.010333,GM
2024-03-27,12369,44.59,0.013409,22172122.0,1154433.0,0.013409,GM
2024-03-28,12369,45.35,0.017044,14766376.0,1154433.0,0.017044,GM
2024-04-01,12369,45.4,0.001103,11008265.0,1154433.0,0.001103,GM
2024-04-02,12369,44.89,-0.011234,13061879.0,1154433.0,-0.011234,GM
2024-04-03,12369,45.17,0.006237,14377133.0,1154433.0,0.006237,GM
2024-04-04,12369,43.68,-0.032987,16988628.0,1154433.0,-0.032987,GM
2024-04-05,12369,44.23,0.012592,11210456.0,1154433.0,0.012592,GM
2024-04-08,12369,44.34,0.002487,8250408.0,1154433.0,0.002487,GM
2024-04-09,12369,44.73,0.008796,8794803.0,1154433.0,0.008796,GM
2024-04-10,12369,43.94,-0.017662,11636353.0,1154433.0,-0.017662,GM
2024-04-11,12369,43.84,-0.002276,19562960.0,1154433.0,-0.002276,GM
2024-04-12,12369,43.08,-0.017336,11903888.0,1154433.0,-0.017336,GM
2024-04-15,12369,42.69,-0.009053,13499590.0,1154433.0,-0.009053,GM
2024-04-16,12369,42.66,-0.000703,12384851.0,1154433.0,-0.000703,GM
2024-04-17,12369,42.46,-0.004688,10663327.0,1154433.0,-0.004688,GM
2024-04-18,12369,42.44,-0.000471,14180458.0,1154433.0,-0.000471,GM
2024-04-19,12369,42.37,-0.001649,15514953.0,1154433.0,-0.001649,GM
2024-04-22,12369,43.21,0.019825,21315076.0,1154433.0,0.019825,GM
2024-04-23,12369,45.1,0.04374,28767300.0,1154433.0,0.04374,GM
2024-04-24,12369,45.08,-0.000443,15013881.0,1154433.0,-0.000443,GM
2024-04-25,12369,45.62,0.011979,14912507.0,1154433.0,0.011979,GM
2024-04-26,12369,45.84,0.004822,12153282.0,1154433.0,0.004822,GM
2024-04-29,12369,46.04,0.004363,10577406.0,1154433.0,0.004363,GM
2024-04-30,12369,44.53,-0.032798,15951304.0,1140958.0,-0.032798,GM
2024-05-01,12369,44.47,-0.001347,13987629.0,1140958.0,-0.001347,GM
2024-05-02,12369,44.67,0.004497,13214851.0,1140958.0,0.004497,GM
2024-05-03,12369,44.86,0.004253,10046006.0,1140958.0,0.004253,GM
2024-05-06,12369,45.06,0.004458,10301582.0,1140958.0,0.004458,GM
2024-05-07,12369,45.28,0.004882,9135865.0,1140958.0,0.004882,GM
2024-05-08,12369,45.05,-0.00508,7568502.0,1140958.0,-0.00508,GM
2024-05-09,12369,45.36,0.006881,9349772.0,1140958.0,0.006881,GM
2024-05-10,12369,45.21,-0.003307,7917797.0,1140958.0,-0.003307,GM
2024-05-13,12369,45.17,-0.000885,13826395.0,1140958.0,-0.000885,GM
2024-05-14,12369,45.03,-0.003099,10894317.0,1140958.0,-0.003099,GM
2024-05-15,12369,45.49,0.010216,11054698.0,1140958.0,0.010216,GM
2024-05-16,12369,45.87,0.008353,11335861.0,1140958.0,0.008353,GM
2024-05-17,12369,45.76,-0.002398,11412802.0,1140958.0,-0.002398,GM
2024-05-20,12369,45.11,-0.014205,9070726.0,1140958.0,-0.014205,GM
2024-05-21,12369,44.92,-0.004212,9910972.0,1140958.0,-0.004212,GM
2024-05-22,12369,43.97,-0.021149,11874498.0,1140958.0,-0.021149,GM
2024-05-23,12369,43.73,-0.005458,10643657.0,1140958.0,-0.005458,GM
2024-05-24,12369,44.11,0.00869,7373009.0,1140958.0,0.00869,GM
2024-05-28,12369,43.09,-0.023124,13749201.0,1140958.0,-0.023124,GM
2024-05-29,12369,42.64,-0.010443,13262326.0,1140958.0,-0.010443,GM
2024-05-30,12369,43.41,0.018058,9268652.0,1140958.0,0.018058,GM
2024-05-31,12369,44.99,0.036397,32674633.0,1140958.0,0.036397,GM
2024-06-03,12369,45.74,0.01667,15698535.0,1140958.0,0.01667,GM
2024-06-04,12369,45.26,-0.010494,9505355.0,1140958.0,-0.010494,GM
2024-06-05,12369,45.62,0.007954,24724923.0,1140958.0,0.007954,GM
2024-06-06,12369,45.61,-0.000219,10169784.0,1140958.0,-0.000219,GM
2024-06-07,12369,45.72,0.005043,10811697.0,1140958.0,0.002412,GM
2024-06-10,12369,47.57,0.040464,18578778.0,1140958.0,0.040464,GM
2024-06-11,12369,48.21,0.013454,21186992.0,1140958.0,0.013454,GM
2024-06-12,12369,48.86,0.013483,14222209.0,1140958.0,0.013483,GM
2024-06-13,12369,47.65,-0.024765,19451724.0,1140958.0,-0.024765,GM
2024-06-14,12369,46.77,-0.018468,14716546.0,1140958.0,-0.018468,GM
2024-06-17,12369,47.4,0.01347,9720620.0,1140958.0,0.01347,GM
2024-06-18,12369,47.44,0.000844,9691071.0,1140958.0,0.000844,GM
2024-06-20,12369,47.77,0.006956,10118008.0,1140958.0,0.006956,GM
2024-06-21,12369,47.72,-0.001047,16737261.0,1140958.0,-0.001047,GM
2024-06-24,12369,48.11,0.008173,46697661.0,1140958.0,0.008173,GM
2024-06-25,12369,46.41,-0.035336,18067124.0,1140958.0,-0.035336,GM
2024-06-26,12369,45.77,-0.01379,13055946.0,1140958.0,-0.01379,GM
2024-06-27,12369,45.58,-0.004151,10409764.0,1140958.0,-0.004151,GM
2024-06-28,12369,46.46,0.019307,15020440.0,1140958.0,0.019307,GM
2024-07-01,12369,46.68,0.004735,10825072.0,1140958.0,0.004735,GM
2024-07-02,12369,46.95,0.005784,11338265.0,1140958.0,0.005784,GM
2024-07-03,12369,46.71,-0.005112,5440684.0,1140958.0,-0.005112,GM
2024-07-05,12369,46.52,-0.004068,11452689.0,1140958.0,-0.004068,GM
2024-07-08,12369,46.55,0.000645,10868908.0,1140958.0,0.000645,GM
2024-07-09,12369,46.26,-0.00623,9664247.0,1140958.0,-0.00623,GM
2024-07-10,12369,46.53,0.005837,6711734.0,1140958.0,0.005837,GM
2024-07-11,12369,47.93,0.030088,16686620.0,1140958.0,0.030088,GM
2024-07-12,12369,49.01,0.022533,16289556.0,1140958.0,0.022533,GM
2024-07-15,12369,49.3,0.005917,11073440.0,1140958.0,0.005917,GM
2024-07-16,12369,49.77,0.009533,10192481.0,1140958.0,0.009533,GM
2024-07-17,12369,49.9,0.002612,9158492.0,1140958.0,0.002612,GM
2024-07-18,12369,49.65,-0.00501,12268007.0,1140958.0,-0.00501,GM
2024-07-19,12369,48.3,-0.02719,16931003.0,1140958.0,-0.02719,GM
2024-07-22,12369,49.56,0.026087,17064732.0,1140958.0,0.026087,GM
2024-07-23,12369,46.38,-0.064165,41152097.0,1140958.0,-0.064165,GM
2024-07-24,12369,46.49,0.002372,21134870.0,1140958.0,0.002372,GM
2024-07-25,12369,44.13,-0.050764,27256397.0,1140958.0,-0.050764,GM
2024-07-26,12369,44.12,-0.000227,18411118.0,1140958.0,-0.000227,GM
2024-07-29,12369,44.15,0.00068,12521482.0,1140958.0,0.00068,GM
2024-07-30,12369,44.23,0.001812,12171711.0,1140958.0,0.001812,GM
2024-07-31,12369,44.32,0.002035,14112041.0,1123922.0,0.002035,GM
2024-08-01,12369,43.37,-0.021435,15919030.0,1123922.0,-0.021435,GM
2024-08-02,12369,41.17,-0.050726,21627018.0,1123922.0,-0.050726,GM
2024-08-05,12369,39.95,-0.029633,23849429.0,1123922.0,-0.029633,GM
2024-08-06,12369,40.61,0.016521,14701952.0,1123922.0,0.016521,GM
2024-08-07,12369,40.65,0.000985,11245299.0,1123922.0,0.000985,GM
2024-08-08,12369,42.73,0.051169,17717876.0,1123922.0,0.051169,GM
2024-08-09,12369,43.48,0.017552,14119682.0,1123922.0,0.017552,GM
2024-08-12,12369,42.99,-0.01127,9336320.0,1123922.0,-0.01127,GM
2024-08-13,12369,43.32,0.007676,10304295.0,1123922.0,0.007676,GM
2024-08-14,12369,43.61,0.006694,10772220.0,1123922.0,0.006694,GM
2024-08-15,12369,44.86,0.028663,12913939.0,1123922.0,0.028663,GM
2024-08-16,12369,45.32,0.010254,10592583.0,1123922.0,0.010254,GM
2024-08-19,12369,45.76,0.009709,9598085.0,1123922.0,0.009709,GM
2024-08-20,12369,45.98,0.004808,9188693.0,1123922.0,0.004808,GM
2024-08-21,12369,46.56,0.012614,11897032.0,1123922.0,0.012614,GM
2024-08-22,12369,46.46,-0.002148,6629375.0,1123922.0,-0.002148,GM
2024-08-23,12369,48.57,0.045415,12918085.0,1123922.0,0.045415,GM
2024-08-26,12369,48.75,0.003706,8800721.0,1123922.0,0.003706,GM
2024-08-27,12369,49.25,0.010256,10256487.0,1123922.0,0.010256,GM
2024-08-28,12369,49.05,-0.004061,7397330.0,1123922.0,-0.004061,GM
2024-08-29,12369,49.47,0.008563,8448588.0,1123922.0,0.008563,GM
2024-08-30,12369,49.78,0.006266,15736896.0,1123922.0,0.006266,GM
2023-10-02,14593,173.75,0.014836,52101655.0,15550061.0,0.014836,AAPL
2023-10-03,14593,172.39999,-0.00777,49531263.0,15550061.0,-0.00777,AAPL
2023-10-04,14593,173.66,0.007309,52944126.0,15550061.0,0.007309,AAPL
2023-10-05,14593,174.91,0.007198,48477111.0,15550061.0,0.007198,AAPL
2023-10-06,14593,177.49001,0.014751,57185103.0,15550061.0,0.014751,AAPL
2023-10-09,14593,178.99001,0.008451,42395531.0,15550061.0,0.008451,AAPL
2023-10-10,14593,178.39,-0.003352,43822429.0,15550061.0,-0.003352,AAPL
2023-10-11,14593,179.8,0.007904,47498791.0,15550061.0,0.007904,AAPL
2023-10-12,14593,180.71001,0.005061,56653449.0,15550061.0,0.005061,AAPL
2023-10-13,14593,178.85001,-0.010293,51374913.0,15550061.0,-0.010293,AAPL
2023-10-16,14593,178.72,-0.000727,52450624.0,15550061.0,-0.000727,AAPL
2023-10-17,14593,177.14999,-0.008785,57469826.0,15550061.0,-0.008785,AAPL
2023-10-18,14593,175.84,-0.007395,54696866.0,15550061.0,-0.007395,AAPL
2023-10-19,14593,175.46001,-0.002161,60311356.0,15550061.0,-0.002161,AAPL
2023-10-20,14593,172.88,-0.014704,64401776.0,15552752.0,-0.014704,AAPL
2023-10-23,14593,173.0,0.000694,55912389.0,15552752.0,0.000694,AAPL
2023-10-24,14593,173.44,0.002543,43751776.0,15552752.0,0.002543,AAPL
2023-10-25,14593,171.10001,-0.013492,57085395.0,15552752.0,-0.013492,AAPL
2023-10-26,14593,166.89,-0.024606,70536316.0,15552752.0,-0.024606,AAPL
2023-10-27,14593,168.22,0.007969,58406009.0,15552752.0,0.007969,AAPL
2023-10-30,14593,170.28999,0.012305,51023067.0,15552752.0,0.012305,AAPL
2023-10-31,14593,170.77,0.002819,44809844.0,15552752.0,0.002819,AAPL
2023-11-01,14593,173.97,0.018739,56658327.0,15552752.0,0.018739,AAPL
2023-11-02,14593,177.57001,0.020693,76616728.0,15552752.0,0.020693,AAPL
2023-11-03,14593,176.64999,-0.005181,79168962.0,15552752.0,-0.005181,AAPL
2023-11-06,14593,179.23,0.014605,63590578.0,15552752.0,0.014605,AAPL
2023-11-07,14593,181.82001,0.014451,69861888.0,15552752.0,0.014451,AAPL
2023-11-08,14593,182.89,0.005885,48874370.0,15552752.0,0.005885,AAPL
2023-11-09,14593,182.41,-0.002625,53374294.0,15552752.0,-0.002625,AAPL
2023-11-10,14593,186.39999,0.02319,65658606.0,15552752.0,0.021874,AAPL
2023-11-13,14593,184.8,-0.008584,43106228.0,15552752.0,-0.008584,AAPL
2023-11-14,14593,187.44,0.014286,59397353.0,15552752.0,0.014286,AAPL
2023-11-15,14593,188.00999,0.003041,54252092.0,15552752.0,0.003041,AAPL
2023-11-16,14593,189.71001,0.009042,53739271.0,15552752.0,0.009042,AAPL
2023-11-17,14593,189.69,-0.000105,50465193.0,15552752.0,-0.000105,AAPL
2023-11-20,14593,191.45,0.009278,46120831.0,15552752.0,0.009278,AAPL
2023-11-21,14593,190.64,-0.004231,37726804.0,15552752.0,-0.004231,AAPL
2023-11-22,14593,191.31,0.003514,39158928.0,15552752.0,0.003514,AAPL
2023-11-24,14593,189.97,-0.007004,23982288.0,15552752.0,-0.007004,AAPL
2023-11-27,14593,189.78999,-0.000948,40023028.0,15552752.0,-0.000948,AAPL
2023-11-28,14593,190.39999,0.003214,37932389.0,15552752.0,0.003214,AAPL
2023-11-29,14593,189.37,-0.00541,42556184.0,15552752.0,-0.00541,AAPL
2023-11-30,14593,189.95,0.003063,48408184.0,15552752.0,0.003063,AAPL
2023-12-01,14593,191.24001,0.006791,45184943.0,15552752.0,0.006791,AAPL
2023-12-04,14593,189.42999,-0.009465,42807827.0,15552752.0,-0.009465,AAPL
2023-12-05,14593,193.42,0.021063,65774280.0,15552752.0,0.021063,AAPL
2023-12-06,14593,192.32001,-0.005687,40462908.0,15552752.0,-0.005687,AAPL
2023-12-07,14593,194.27,0.010139,46950024.0,15552752.0,0.010139,AAPL
2023-12-08,14593,195.71001,0.007412,52866421.0,15552752.0,0.007412,AAPL
2023-12-11,14593,193.17999,-0.012927,60209019.0,15552752.0,-0.012927,AAPL
2023-12-12,14593,194.71001,0.00792,51991385.0,15552752.0,0.00792,AAPL
2023-12-13,14593,197.96001,0.016692,69834722.0,15552752.0,0.016692,AAPL
2023-12-14,14593,198.11,0.000758,66850673.0,15552752.0,0.000758,AAPL
2023-12-15,14593,197.57001,-0.002726,127416284.0,15552752.0,-0.002726,AAPL
2023-12-18,14593,195.89,-0.008503,55098711.0,15552752.0,-0.008503,AAPL
2023-12-19,14593,196.94,0.00536,40229887.0,15552752.0,0.00536,AAPL
2023-12-20,14593,194.83,-0.010714,51740699.0,15552752.0,-0.010714,AAPL
2023-12-21,14593,194.67999,-0.00077,46086400.0,15552752.0,-0.00077,AAPL
2023-12-22,14593,193.60001,-0.005548,36702455.0,15552752.0,-0.005548,AAPL
2023-12-26,14593,193.05,-0.002841,28541150.0,15552752.0,-0.002841,AAPL
2023-12-27,14593,193.14999,0.000518,47538658.0,15552752.0,0.000518,AAPL
2023-12-28,14593,193.58,0.002226,33691704.0,15552752.0,0.002226,AAPL
2023-12-29,14593,192.53,-0.005424,42120662.0,15460223.0,-0.005424,AAPL
2024-01-02,14593,185.64,-0.035787,81752737.0,15461896.0,-0.035787,AAPL
2024-01-03,14593,184.25,-0.007488,58136569.0,15461896.0,-0.007488,AAPL
2024-01-04,14593,181.91,-0.0127,71280275.0,15461896.0,-0.0127,AAPL
2024-01-05,14593,181.17999,-0.004013,62064040.0,15461896.0,-0.004013,AAPL
2024-01-08,14593,185.56,0.024175,58748031.0,15461896.0,0.024175,AAPL
2024-01-09,14593,185.14,-0.002263,42661129.0,15461896.0,-0.002263,AAPL
2024-01-10,14593,186.19,0.005671,46552743.0,15461896.0,0.005671,AAPL
2024-01-11,14593,185.59,-0.003223,48864529.0,15461896.0,-0.003223,AAPL
2024-01-12,14593,185.92,0.001778,40351273.0,15461896.0,0.001778,AAPL
2024-01-16,14593,183.63,-0.012317,65458029.0,15461896.0,-0.012317,AAPL
2024-01-17,14593,182.67999,-0.005174,47092050.0,15461896.0,-0.005174,AAPL
2024-01-18,14593,188.63,0.032571,77548114.0,15461896.0,0.032571,AAPL
2024-01-19,14593,191.56,0.015533,68570886.0,15441881.0,0.015533,AAPL
2024-01-22,14593,193.89,0.012163,59881026.0,15441881.0,0.012163,AAPL
2024-01-23,14593,195.17999,0.006653,42079996.0,15441881.0,0.006653,AAPL
2024-01-24,14593,194.5,-0.003484,53312311.0,15441881.0,-0.003484,AAPL
2024-01-25,14593,194.17,-0.001697,54347995.0,15441881.0,-0.001697,AAPL
2024-01-26,14593,192.42,-0.009013,44277670.0,15441881.0,-0.009013,AAPL
2024-01-29,14593,191.73,-0.003586,46863644.0,15441881.0,-0.003586,AAPL
2024-01-30,14593,188.03999,-0.019246,55466305.0,15441881.0,-0.019246,AAPL
2024-01-31,14593,184.39999,-0.019358,55250387.0,15441881.0,-0.019358,AAPL
2024-02-01,14593,186.86,0.013341,63848003.0,15441881.0,0.013341,AAPL
2024-02-02,14593,185.85001,-0.005405,101668568.0,15441881.0,-0.005405,AAPL
2024-02-05,14593,187.67999,0.009847,68644349.0,15441881.0,0.009847,AAPL
2024-02-06,14593,189.3,0.008632,43168356.0,15441881.0,0.008632,AAPL
2024-02-07,14593,189.41,0.000581,52425169.0,15441881.0,0.000581,AAPL
2024-02-08,14593,188.32001,-0.005755,40543899.0,15441881.0,-0.005755,AAPL
2024-02-09,14593,188.85001,0.004089,44510858.0,15441881.0,0.002814,AAPL
2024-02-12,14593,187.14999,-0.009002,41277596.0,15441881.0,-0.009002,AAPL
2024-02-13,14593,185.03999,-0.011274,56069701.0,15441881.0,-0.011274,AAPL
2024-02-14,14593,184.14999,-0.00481,54139130.0,15441881.0,-0.00481,AAPL
2024-02-15,14593,183.86,-0.001575,64755044.0,15441881.0,-0.001575,AAPL
2024-02-16,14593,182.31,-0.00843,49866412.0,15441881.0,-0.00843,AAPL
2024-02-20,14593,181.56,-0.004114,53201807.0,15441881.0,-0.004114,AAPL
2024-02-21,14593,182.32001,0.004186,41135120.0,15441881.0,0.004186,AAPL
2024-02-22,14593,184.37,0.011244,51655137.0,15441881.0,0.011244,AAPL
2024-02-23,14593,182.52,-0.010034,44657400.0,15441881.0,-0.010034,AAPL
2024-02-26,14593,181.16,-0.007451,40464653.0,15441881.0,-0.007451,AAPL
2024-02-27,14593,182.63,0.008114,53722642.0,15441881.0,0.008114,AAPL
2024-02-28,14593,181.42,-0.006625,48458064.0,15441881.0,-0.006625,AAPL
2024-02-29,14593,180.75,-0.003693,135428998.0,15441881.0,-0.003693,AAPL
2024-03-01,14593,179.66,-0.00603,72747269.0,15441881.0,-0.00603,AAPL
2024-03-04,14593,175.10001,-0.025381,80724732.0,15441881.0,-0.025381,AAPL
2024-03-05,14593,170.12,-0.028441,94191875.0,15441881.0,-0.028441,AAPL
2024-03-06,14593,169.12,-0.005878,67653146.0,15441881.0,-0.005878,AAPL
2024-03-07,14593,169.0,-0.00071,70362028.0,15441881.0,-0.00071,AAPL
2024-03-08,14593,170.73,0.010237,74863367.0,15441881.0,0.010237,AAPL
2024-03-11,14593,172.75,0.011832,59084259.0,15441881.0,0.011832,AAPL
2024-03-12,14593,173.23,0.002779,58713250.0,15441881.0,0.002779,AAPL
2024-03-13,14593,171.13,-0.012123,51433531.0,15441881.0,-0.012123,AAPL
2024-03-14,14593,173.0,0.010927,71480501.0,15441881.0,0.010927,AAPL
2024-03-15,14593,172.62,-0.002197,120263495.0,15441881.0,-0.002197,AAPL
2024-03-18,14593,173.72,0.006372,74219823.0,15441881.0,0.006372,AAPL
2024-03-19,14593,176.08,0.013585,54211960.0,15441881.0,0.013585,AAPL
2024-03-20,14593,178.67,0.014709,52596436.0,15441881.0,0.014709,AAPL
2024-03-21,14593,171.37,-0.040858,104274564.0,15441881.0,-0.040858,AAPL
2024-03-22,14593,172.28,0.00531,69703443.0,15441881.0,0.00531,AAPL
2024-03-25,14593,170.85001,-0.0083,53177826.0,15441881.0,-0.0083,AAPL
2024-03-26,14593,169.71001,-0.006673,56296795.0,15441881.0,-0.006673,AAPL
2024-03-27,14593,173.31,0.021213,59070464.0,15441881.0,0.021213,AAPL
2024-03-28,14593,171.48,-0.010559,64474960.0,15337686.0,-0.010559,AAPL
2024-04-01,14593,170.03,-0.008456,45509534.0,15337686.0,-0.008456,AAPL
2024-04-02,14593,168.84,-0.006999,48815203.0,15337686.0,-0.006999,AAPL
2024-04-03,14593,169.64999,0.004797,46820649.0,15337686.0,0.004797,AAPL
2024-04-04,14593,168.82001,-0.004892,52753534.0,15337686.0,-0.004892,AAPL
2024-04-05,14593,169.58,0.004502,41391973.0,15337686.0,0.004502,AAPL
2024-04-08,14593,168.45,-0.006664,37093179.0,15337686.0,-0.006664,AAPL
2024-04-09,14593,169.67,0.007243,41811920.0,15337686.0,0.007243,AAPL
2024-04-10,14593,167.78,-0.011139,49272107.0,15337686.0,-0.011139,AAPL
2024-04-11,14593,175.03999,0.043271,89587514.0,15337686.0,0.043271,AAPL
2024-04-12,14593,176.55,0.008627,100511470.0,15337686.0,0.008627,AAPL
2024-04-15,14593,172.69,-0.021864,72471802.0,15337686.0,-0.021864,AAPL
2024-04-16,14593,169.38,-0.019167,72451090.0,15337686.0,-0.019167,AAPL
2024-04-17,14593,168.0,-0.008147,50156406.0,15337686.0,-0.008147,AAPL
2024-04-18,14593,167.03999,-0.005714,42706470.0,15337686.0,-0.005714,AAPL
2024-04-19,14593,165.0,-0.012213,66845466.0,15334082.0,-0.012213,AAPL
2024-04-22,14593,165.84,0.005091,47434012.0,15334082.0,0.005091,AAPL
2024-04-23,14593,166.89999,0.006392,48699631.0,15334082.0,0.006392,AAPL
2024-04-24,14593,169.02,0.012702,47513226.0,15334082.0,0.012702,AAPL
2024-04-25,14593,169.89,0.005147,49766518.0,15334082.0,0.005147,AAPL
2024-04-26,14593,169.3,-0.003473,44023777.0,15334082.0,-0.003473,AAPL
2024-04-29,14593,173.5,0.024808,66913206.0,15334082.0,0.024808,AAPL
2024-04-30,14593,170.33,-0.018271,65045569.0,15334082.0,-0.018271,AAPL
2024-05-01,14593,169.3,-0.006047,49565300.0,15334082.0,-0.006047,AAPL
2024-05-02,14593,173.03,0.022032,92355801.0,15334082.0,0.022032,AAPL
2024-05-03,14593,183.38,0.059816,160933944.0,15334082.0,0.059816,AAPL
2024-05-06,14593,181.71001,-0.009107,77188265.0,15334082.0,-0.009107,AAPL
2024-05-07,14593,182.39999,0.003797,76001539.0,15334082.0,0.003797,AAPL
2024-05-08,14593,182.74001,0.001864,44238466.0,15334082.0,0.001864,AAPL
2024-05-09,14593,184.57001,0.010014,48068127.0,15334082.0,0.010014,AAPL
2024-05-10,14593,183.05,-0.006881,49853118.0,15334082.0,-0.008235,AAPL
2024-05-13,14593,186.28,0.017645,70645579.0,15334082.0,0.017645,AAPL
2024-05-14,14593,187.42999,0.006173,51423203.0,15334082.0,0.006173,AAPL
2024-05-15,14593,189.72,0.012218,69077287.0,15334082.0,0.012218,AAPL
2024-05-16,14593,189.84,0.000632,51839858.0,15334082.0,0.000632,AAPL
2024-05-17,14593,189.87,0.000158,40456720.0,15334082.0,0.000158,AAPL
2024-05-20,14593,191.03999,0.006162,43906561.0,15334082.0,0.006162,AAPL
2024-05-21,14593,192.35001,0.006857,41739170.0,15334082.0,0.006857,AAPL
2024-05-22,14593,190.89999,-0.007538,34264370.0,15334082.0,-0.007538,AAPL
2024-05-23,14593,186.88,-0.021058,50281306.0,15334082.0,-0.021058,AAPL
2024-05-24,14593,189.98,0.016588,35824575.0,15334082.0,0.016588,AAPL
2024-05-28,14593,189.99001,5.3e-05,51647543.0,15334082.0,5.3e-05,AAPL
2024-05-29,14593,190.28999,0.001579,52408617.0,15334082.0,0.001579,AAPL
2024-05-30,14593,191.28999,0.005255,49157183.0,15334082.0,0.005255,AAPL
2024-05-31,14593,192.25,0.005019,74471734.0,15334082.0,0.005019,AAPL
2024-06-03,14593,194.03,0.009259,49089276.0,15334082.0,0.009259,AAPL
2024-06-04,14593,194.35001,0.001649,47316869.0,15334082.0,0.001649,AAPL
2024-06-05,14593,195.87,0.007821,53184858.0,15334082.0,0.007821,AAPL
2024-06-06,14593,194.48,-0.007097,40344317.0,15334082.0,-0.007097,AAPL
2024-06-07,14593,196.89,0.012392,52269263.0,15334082.0,0.012392,AAPL
2024-06-10,14593,193.12,-0.019148,96067234.0,15334082.0,-0.019148,AAPL
2024-06-11,14593,207.14999,0.072649,169747405.0,15334082.0,0.072649,AAPL
2024-06-12,14593,213.07001,0.028578,195115606.0,15334082.0,0.028578,AAPL
2024-06-13,14593,214.24001,0.005491,95852076.0,15334082.0,0.005491,AAPL
2024-06-14,14593,212.49001,-0.008168,69020228.0,15334082.0,-0.008168,AAPL
2024-06-17,14593,216.67,0.019672,91882658.0,15334082.0,0.019672,AAPL
2024-06-18,14593,214.28999,-0.010985,78557501.0,15334082.0,-0.010985,AAPL
2024-06-20,14593,209.67999,-0.021513,84556823.0,15334082.0,-0.021513,AAPL
2024-06-21,14593,207.49001,-0.010444,243850836.0,15334082.0,-0.010444,AAPL
2024-06-24,14593,208.14,0.003133,79306648.0,15334082.0,0.003133,AAPL
2024-06-25,14593,209.07001,0.004468,55917096.0,15334082.0,0.004468,AAPL
2024-06-26,14593,213.25,0.019993,65196315.0,15334082.0,0.019993,AAPL
2024-06-27,14593,214.10001,0.003986,48887019.0,15334082.0,0.003986,AAPL
2024-06-28,14593,210.62,-0.016254,81196717.0,15222259.0,-0.016254,AAPL
2024-07-01,14593,216.75,0.029105,59643128.0,15222259.0,0.029105,AAPL
2024-07-02,14593,220.27,0.01624,57884589.0,15222259.0,0.01624,AAPL
2024-07-03,14593,221.55,0.005811,36741188.0,15222259.0,0.005811,AAPL
2024-07-05,14593,226.34,0.02162,59203622.0,15222259.0,0.02162,AAPL
2024-07-08,14593,227.82001,0.006539,58154972.0,15222259.0,0.006539,AAPL
2024-07-09,14593,228.67999,0.003775,47504694.0,15222259.0,0.003775,AAPL
2024-07-10,14593,232.98,0.018804,61910062.0,15222259.0,0.018804,AAPL
2024-07-11,14593,227.57001,-0.023221,63946418.0,15222259.0,-0.023221,AAPL
2024-07-12,14593,230.53999,0.013051,52435155.0,15222259.0,0.013051,AAPL
2024-07-15,14593,234.39999,0.016743,62042273.0,15222259.0,0.016743,AAPL
2024-07-16,14593,234.82001,0.001792,40859203.0,15222259.0,0.001792,AAPL
2024-07-17,14593,228.88,-0.025296,56728814.0,15222259.0,-0.025296,AAPL
2024-07-18,14593,224.17999,-0.020535,65247057.0,15222259.0,-0.020535,AAPL
2024-07-19,14593,224.31,0.00058,48796853.0,15204137.0,0.00058,AAPL
2024-07-22,14593,223.96001,-0.00156,47733679.0,15204137.0,-0.00156,AAPL
2024-07-23,14593,225.00999,0.004688,39828738.0,15204137.0,0.004688,AAPL
2024-07-24,14593,218.53999,-0.028754,61108984.0,15204137.0,-0.028754,AAPL
2024-07-25,14593,217.49001,-0.004805,50653709.0,15204137.0,-0.004805,AAPL
2024-07-26,14593,217.96001,0.002161,41224408.0,15204137.0,0.002161,AAPL
2024-07-29,14593,218.24001,0.001285,35884958.0,15204137.0,0.001285,AAPL
2024-07-30,14593,218.8,0.002566,41513290.0,15204137.0,0.002566,AAPL
2024-07-31,14593,222.08,0.014991,49384245.0,15204137.0,0.014991,AAPL
2024-08-01,14593,218.36,-0.016751,61516427.0,15204137.0,-0.016751,AAPL
2024-08-02,14593,219.86,0.006869,104337028.0,15204137.0,0.006869,AAPL
2024-08-05,14593,209.27,-0.048167,117372828.0,15204137.0,-0.048167,AAPL
2024-08-06,14593,207.23,-0.009748,68686584.0,15204137.0,-0.009748,AAPL
2024-08-07,14593,209.82001,0.012498,63136440.0,15204137.0,0.012498,AAPL
2024-08-08,14593,213.31,0.016633,46848084.0,15204137.0,0.016633,AAPL
2024-08-09,14593,216.24001,0.013736,41964918.0,15204137.0,0.013736,AAPL
2024-08-12,14593,217.53,0.007122,37839981.0,15204137.0,0.005966,AAPL
2024-08-13,14593,221.27,0.017193,43848801.0,15204137.0,0.017193,AAPL
2024-08-14,14593,221.72,0.002034,41571924.0,15204137.0,0.002034,AAPL
2024-08-15,14593,224.72,0.013531,45971981.0,15204137.0,0.013531,AAPL
2024-08-16,14593,226.05,0.005918,44008437.0,15204137.0,0.005918,AAPL
2024-08-19,14593,225.89,-0.000708,40338654.0,15204137.0,-0.000708,AAPL
2024-08-20,14593,226.50999,0.002745,30104087.0,15204137.0,0.002745,AAPL
2024-08-21,14593,226.39999,-0.000486,34483244.0,15204137.0,-0.000486,AAPL
2024-08-22,14593,224.53,-0.00826,43464462.0,15204137.0,-0.00826,AAPL
2024-08-23,14593,226.84,0.010288,38392140.0,15204137.0,0.010288,AAPL
2024-08-26,14593,227.17999,0.001499,30373743.0,15204137.0,0.001499,AAPL
2024-08-27,14593,228.03,0.003742,35623109.0,15204137.0,0.003742,AAPL
2024-08-28,14593,226.49001,-0.006753,38938714.0,15204137.0,-0.006753,AAPL
2024-08-29,14593,229.78999,0.01457,51060159.0,15204137.0,0.01457,AAPL
2024-08-30,14593,229.0,-0.003438,52536466.0,15204137.0,-0.003438,AAPL
2023-10-02,55976,160.10001,0.001063,4330947.0,2691564.0,0.001063,WMT
2023-10-03,55976,159.09,-0.006309,3751058.0,2691564.0,-0.006309,WMT
2023-10-04,55976,161.0,0.012006,5251946.0,2691564.0,0.012006,WMT
2023-10-05,55976,159.08,-0.011926,4756535.0,2691564.0,-0.011926,WMT
2023-10-06,55976,156.41,-0.016784,14205389.0,2691564.0,-0.016784,WMT
2023-10-09,55976,155.84,-0.003644,7007514.0,2691564.0,-0.003644,WMT
2023-10-10,55976,157.60001,0.011294,5338148.0,2691564.0,0.011294,WMT
2023-10-11,55976,158.23,0.003997,4008925.0,2691564.0,0.003997,WMT
2023-10-12,55976,158.95,0.00455,4504892.0,2691564.0,0.00455,WMT
2023-10-13,55976,159.83,0.005536,4603628.0,2691564.0,0.005536,WMT
2023-10-16,55976,161.21001,0.008634,4782670.0,2691564.0,0.008634,WMT
2023-10-17,55976,161.42,0.001303,3631124.0,2691564.0,0.001303,WMT
2023-10-18,55976,161.53999,0.000743,3519908.0,2691564.0,0.000743,WMT
2023-10-19,55976,160.77,-0.004767,3915299.0,2691564.0,-0.004767,WMT
2023-10-20,55976,158.75999,-0.012502,5019081.0,2691564.0,-0.012502,WMT
2023-10-23,55976,161.00999,0.014172,5699036.0,2691564.0,0.014172,WMT
2023-10-24,55976,163.25,0.013912,5845022.0,2691564.0,0.013912,WMT
2023-10-25,55976,162.75999,-0.003002,5540593.0,2691564.0,-0.003002,WMT
2023-10-26,55976,161.77,-0.006083,5406691.0,2691564.0,-0.006083,WMT
2023-10-27,55976,161.17,-0.003709,4610071.0,2691564.0,-0.003709,WMT
2023-10-30,55976,163.02,0.011479,4217884.0,2691564.0,0.011479,WMT
2023-10-31,55976,163.41,0.002392,4722782.0,2691564.0,0.002392,WMT
2023-11-01,55976,164.87,0.008935,4966463.0,2691564.0,0.008935,WMT
2023-11-02,55976,165.52,0.003943,5164067.0,2691564.0,0.003943,WMT
2023-11-03,55976,164.66,-0.005196,5746741.0,2691564.0,-0.005196,WMT
2023-11-06,55976,164.88,0.001336,4843079.0,2691564.0,0.001336,WMT
2023-11-07,55976,165.64999,0.00467,5007834.0,2691564.0,0.00467,WMT
2023-11-08,55976,164.3,-0.00815,5197277.0,2691564.0,-0.00815,WMT
2023-11-09,55976,163.92,-0.002313,5026899.0,2691564.0,-0.002313,WMT
2023-11-10,55976,166.19,0.013848,4773719.0,2691564.0,0.013848,WMT
2023-11-13,55976,167.67999,0.008966,5136281.0,2691564.0,0.008966,WMT
2023-11-14,55976,167.64999,-0.000179,6597506.0,2691564.0,-0.000179,WMT
2023-11-15,55976,169.78,0.012705,11923315.0,2691564.0,0.012705,WMT
2023-11-16,55976,156.03999,-0.080928,32552864.0,2691564.0,-0.080928,WMT
2023-11-17,55976,155.35001,-0.004422,14177801.0,2691564.0,-0.004422,WMT
2023-11-20,55976,155.3,-0.000322,8901281.0,2691564.0,-0.000322,WMT
2023-11-21,55976,155.86,0.003606,9794065.0,2691564.0,0.003606,WMT
2023-11-22,55976,154.67,-0.007635,8811174.0,2691564.0,-0.007635,WMT
2023-11-24,55976,156.06,0.008987,4658390.0,2691564.0,0.008987,WMT
2023-11-27,55976,156.77,0.00455,7797882.0,2691564.0,0.00455,WMT
2023-11-28,55976,158.64,0.011928,7845009.0,2691564.0,0.011928,WMT
2023-11-29,55976,156.08,-0.016137,9965495.0,2691564.0,-0.016137,WMT
2023-11-30,55976,155.69,-0.002499,9975262.0,2691564.0,-0.002499,WMT
2023-12-01,55976,154.34,-0.008671,13091223.0,2691564.0,-0.008671,WMT
2023-12-04,55976,154.3,-0.000259,8294396.0,2691564.0,-0.000259,WMT
2023-12-05,55976,155.73,0.009268,7294610.0,2691564.0,0.009268,WMT
2023-12-06,55976,154.03999,-0.010852,8815799.0,2691564.0,-0.010852,WMT
2023-12-07,55976,152.46001,-0.006557,8454193.0,2691564.0,-0.010257,WMT
2023-12-08,55976,150.86,-0.010495,11356487.0,2691564.0,-0.010495,WMT
2023-12-11,55976,151.24001,0.002519,10627754.0,2691564.0,0.002519,WMT
2023-12-12,55976,151.36,0.000793,7127340.0,2691564.0,0.000793,WMT
2023-12-13,55976,154.05,0.017772,11782893.0,2691564.0,0.017772,WMT
2023-12-14,55976,152.17,-0.012204,10297085.0,2691564.0,-0.012204,WMT
2023-12-15,55976,152.74001,0.003746,23334529.0,2691564.0,0.003746,WMT
2023-12-18,55976,154.97,0.0146,8772004.0,2691564.0,0.0146,WMT
2023-12-19,55976,155.53,0.003614,8139031.0,2691564.0,0.003614,WMT
2023-12-20,55976,153.71001,-0.011702,7322567.0,2691564.0,-0.011702,WMT
2023-12-21,55976,154.8,0.007091,6695928.0,2691564.0,0.007091,WMT
2023-12-22,55976,156.64999,0.011951,6468547.0,2691564.0,0.011951,WMT
2023-12-26,55976,156.41,-0.001532,3893321.0,2691564.0,-0.001532,WMT
2023-12-27,55976,157.88,0.009398,6631988.0,2691564.0,0.009398,WMT
2023-12-28,55976,157.57001,-0.001964,5592022.0,2691564.0,-0.001964,WMT
2023-12-29,55976,157.64999,0.000508,7316066.0,2692234.0,0.000508,WMT
2024-01-02,55976,159.28999,0.010403,7846559.0,2692234.0,0.010403,WMT
2024-01-03,55976,159.3,6.3e-05,6252020.0,2692234.0,6.3e-05,WMT
2024-01-04,55976,157.75999,-0.009667,6427490.0,2692234.0,-0.009667,WMT
2024-01-05,55976,156.71001,-0.006656,7236501.0,2692234.0,-0.006656,WMT
2024-01-08,55976,158.25,0.009827,6893626.0,2692234.0,0.009827,WMT
2024-01-09,55976,159.31,0.006698,7774126.0,2692234.0,0.006698,WMT
2024-01-10,55976,161.28999,0.012429,6707346.0,2692234.0,0.012429,WMT
2024-01-11,55976,161.11,-0.001116,4785069.0,2692234.0,-0.001116,WMT
2024-01-12,55976,161.32001,0.001304,4542989.0,2692234.0,0.001304,WMT
2024-01-16,55976,161.83,0.003161,5677530.0,2692234.0,0.003161,WMT
2024-01-17,55976,161.07001,-0.004696,4942554.0,2692234.0,-0.004696,WMT
2024-01-18,55976,163.24001,0.013472,6063537.0,2692234.0,0.013472,WMT
2024-01-19,55976,162.38,-0.005268,6391765.0,2692234.0,-0.005268,WMT
2024-01-22,55976,162.39,6.2e-05,4646127.0,2692234.0,6.2e-05,WMT
2024-01-23,55976,162.8,0.002525,4022172.0,2692234.0,0.002525,WMT
2024-01-24,55976,160.5,-0.014128,7644287.0,2692234.0,-0.014128,WMT
2024-01-25,55976,162.84,0.014579,5456534.0,2692234.0,0.014579,WMT
2024-01-26,55976,164.27,0.008782,5248770.0,2692234.0,0.008782,WMT
2024-01-29,55976,165.03999,0.004687,6080104.0,2692234.0,0.004687,WMT
2024-01-30,55976,165.59,0.003333,5090004.0,2692234.0,0.003333,WMT
2024-01-31,55976,165.25,-0.002053,8711625.0,2692234.0,-0.002053,WMT
2024-02-01,55976,168.31,0.018517,6930851.0,2692234.0,0.018517,WMT
2024-02-02,55976,169.57001,0.007486,7223562.0,2692234.0,0.007486,WMT
2024-02-05,55976,168.66,-0.005367,6381690.0,2692234.0,-0.005367,WMT
2024-02-06,55976,169.81,0.006818,4729928.0,2692234.0,0.006818,WMT
2024-02-07,55976,169.38,-0.002532,5694155.0,2692234.0,-0.002532,WMT
2024-02-08,55976,169.37,-5.9e-05,4809309.0,2692234.0,-5.9e-05,WMT
2024-02-09,55976,169.28,-0.000531,4776622.0,2692234.0,-0.000531,WMT
2024-02-12,55976,170.3,0.006026,4931680.0,2692234.0,0.006026,WMT
2024-02-13,55976,169.14,-0.006812,6191405.0,2692234.0,-0.006812,WMT
2024-02-14,55976,168.60001,-0.003193,6161534.0,2692234.0,-0.003193,WMT
2024-02-15,55976,169.28999,0.004092,5649619.0,2692234.0,0.004092,WMT
2024-02-16,55976,170.36,0.006321,7457847.0,2692234.0,0.006321,WMT
2024-02-20,55976,175.86,0.032285,23929538.0,2692234.0,0.032285,WMT
2024-02-21,55976,173.7,-0.012283,13517177.0,2692234.0,-0.012283,WMT
2024-02-22,55976,175.41,0.009845,9837645.0,2692234.0,0.009845,WMT
2024-02-23,55976,175.56,0.000855,24788589.0,2692234.0,0.000855,WMT
2024-02-26,55976,59.6,0.018455,32154765.0,8076702.0,0.018455,WMT
2024-02-27,55976,59.59,-0.000168,18012749.0,8076702.0,-0.000168,WMT
2024-02-28,55976,59.62,0.000503,14803289.0,8076702.0,0.000503,WMT
2024-02-29,55976,58.61,-0.016941,29245142.0,8052792.0,-0.016941,WMT
2024-03-01,55976,58.76,0.002559,19030919.0,8052792.0,0.002559,WMT
2024-03-04,55976,59.3,0.00919,16033298.0,8052792.0,0.00919,WMT
2024-03-05,55976,60.04,0.012479,19676884.0,8052792.0,0.012479,WMT
2024-03-06,55976,60.57,0.008827,12698714.0,8052792.0,0.008827,WMT
2024-03-07,55976,60.36,-0.003467,16195303.0,8052792.0,-0.003467,WMT
2024-03-08,55976,60.12,-0.003976,12143645.0,8052792.0,-0.003976,WMT
2024-03-11,55976,60.66,0.008982,14153969.0,8052792.0,0.008982,WMT
2024-03-12,55976,61.41,0.012364,16613062.0,8052792.0,0.012364,WMT
2024-03-13,55976,61.28,-0.002117,15935187.0,8052792.0,-0.002117,WMT
2024-03-14,55976,61.02,-0.000857,16584660.0,8052792.0,-0.004243,WMT
2024-03-15,55976,60.68,-0.005572,50946329.0,8052792.0,-0.005572,WMT
2024-03-18,55976,60.86,0.002966,16801658.0,8052792.0,0.002966,WMT
2024-03-19,55976,60.87,0.000164,12353624.0,8052792.0,0.000164,WMT
2024-03-20,55976,61.25,0.006243,12007593.0,8052792.0,0.006243,WMT
2024-03-21,55976,61.45,0.003265,14265872.0,8052792.0,0.003265,WMT
2024-03-22,55976,60.87,-0.009439,14029440.0,8052792.0,-0.009439,WMT
2024-03-25,55976,60.57,-0.004929,14186627.0,8052792.0,-0.004929,WMT
2024-03-26,55976,60.51,-0.000991,13738342.0,8052792.0,-0.000991,WMT
2024-03-27,55976,60.72,0.003471,14363410.0,8052792.0,0.003471,WMT
2024-03-28,55976,60.17,-0.009058,17535100.0,8052792.0,-0.009058,WMT
2024-04-01,55976,60.0,-0.002825,13837599.0,8052792.0,-0.002825,WMT
2024-04-02,55976,59.16,-0.014,19510121.0,8052792.0,-0.014,WMT
2024-04-03,55976,59.43,0.004564,14615103.0,8052792.0,0.004564,WMT
2024-04-04,55976,59.5,0.001178,14436126.0,8052792.0,0.001178,WMT
2024-04-05,55976,59.85,0.005882,10335909.0,8052792.0,0.005882,WMT
2024-04-08,55976,59.78,-0.00117,11070120.0,8052792.0,-0.00117,WMT
2024-04-09,55976,59.79,0.000167,10015922.0,8052792.0,0.000167,WMT
2024-04-10,55976,60.62,0.013882,15097558.0,8052792.0,0.013882,WMT
2024-04-11,55976,60.09,-0.008743,10987600.0,8052792.0,-0.008743,WMT
2024-04-12,55976,60.14,0.000832,12280569.0,8052792.0,0.000832,WMT
2024-04-15,55976,59.93,-0.003492,10557182.0,8052792.0,-0.003492,WMT
2024-04-16,55976,59.84,-0.001502,14726259.0,8052792.0,-0.001502,WMT
2024-04-17,55976,59.65,-0.003175,15329693.0,8052792.0,-0.003175,WMT
2024-04-18,55976,59.26,-0.006538,12061538.0,8052792.0,-0.006538,WMT
2024-04-19,55976,59.53,0.004556,14165797.0,8052792.0,0.004556,WMT
2024-04-22,55976,60.14,0.010247,14909983.0,8052792.0,0.010247,WMT
2024-04-23,55976,59.09,-0.017459,17963945.0,8052792.0,-0.017459,WMT
2024-04-24,55976,59.87,0.0132,18529138.0,8052792.0,0.0132,WMT
2024-04-25,55976,60.21,0.005679,19262954.0,8052792.0,0.005679,WMT
2024-04-26,55976,60.16,-0.00083,11045224.0,8052792.0,-0.00083,WMT
2024-04-29,55976,60.24,0.00133,9788575.0,8052792.0,0.00133,WMT
2024-04-30,55976,59.35,-0.014774,14209155.0,8059794.0,-0.014774,WMT
2024-05-01,55976,58.85,-0.008425,15470975.0,8059794.0,-0.008425,WMT
2024-05-02,55976,59.71,0.014613,17574115.0,8059794.0,0.014613,WMT
2024-05-03,55976,59.82,0.001842,14207397.0,8059794.0,0.001842,WMT
2024-05-06,55976,59.87,0.000836,11119402.0,8059794.0,0.000836,WMT
2024-05-07,55976,60.62,0.012527,14520240.0,8059794.0,0.012527,WMT
2024-05-08,55976,60.3,-0.005279,11015695.0,8059794.0,-0.005279,WMT
2024-05-09,55976,60.44,0.005763,14550463.0,8059794.0,0.002322,WMT
2024-05-10,55976,60.48,0.000662,12356612.0,8059794.0,0.000662,WMT
2024-05-13,55976,60.41,-0.001157,19260522.0,8059794.0,-0.001157,WMT
2024-05-14,55976,59.86,-0.009104,18780139.0,8059794.0,-0.009104,WMT
2024-05-15,55976,59.83,-0.000501,22240558.0,8059794.0,-0.000501,WMT
2024-05-16,55976,64.01,0.069865,60545613.0,8059794.0,0.069865,WMT
2024-05-17,55976,64.65,0.009998,29330381.0,8059794.0,0.009998,WMT
2024-05-20,55976,64.18,-0.00727,15001391.0,8059794.0,-0.00727,WMT
2024-05-21,55976,65.15,0.015114,17131691.0,8059794.0,0.015114,WMT
2024-05-22,55976,65.25,0.001535,14879434.0,8059794.0,0.001535,WMT
2024-05-23,55976,64.84,-0.006284,16222946.0,8059794.0,-0.006284,WMT
2024-05-24,55976,65.38,0.008328,11795024.0,8059794.0,0.008328,WMT
2024-05-28,55976,65.04,-0.0052,13349619.0,8059794.0,-0.0052,WMT
2024-05-29,55976,64.92,-0.001845,11538552.0,8059794.0,-0.001845,WMT
2024-05-30,55976,64.89,-0.000462,13053481.0,8059794.0,-0.000462,WMT
2024-05-31,55976,65.76,0.013407,27632223.0,8059794.0,0.013407,WMT
2024-06-03,55976,65.82,0.000912,11578709.0,8059794.0,0.000912,WMT
2024-06-04,55976,66.6,0.011851,14780755.0,8059794.0,0.011851,WMT
2024-06-05,55976,67.09,0.007357,14982667.0,8059794.0,0.007357,WMT
2024-06-06,55976,67.15,0.000894,13256005.0,8059794.0,0.000894,WMT
2024-06-07,55976,65.88,-0.018913,20213211.0,8059794.0,-0.018913,WMT
2024-06-10,55976,66.96,0.016394,21667416.0,8059794.0,0.016394,WMT
2024-06-11,55976,66.73,-0.003435,13367514.0,8059794.0,-0.003435,WMT
2024-06-12,55976,66.31,-0.006294,11704704.0,8059794.0,-0.006294,WMT
2024-06-13,55976,66.7,0.005881,11196603.0,8059794.0,0.005881,WMT
2024-06-14,55976,67.02,0.004798,12590146.0,8059794.0,0.004798,WMT
2024-06-17,55976,67.42,0.005968,12103044.0,8059794.0,0.005968,WMT
2024-06-18,55976,67.6,0.00267,12093549.0,8059794.0,0.00267,WMT
2024-06-20,55976,68.01,0.006065,13860763.0,8059794.0,0.006065,WMT
2024-06-21,55976,67.91,-0.00147,25891526.0,8059794.0,-0.00147,WMT
2024-06-24,55976,68.9,0.014578,12470448.0,8059794.0,0.014578,WMT
2024-06-25,55976,67.42,-0.021481,20904039.0,8059794.0,-0.021481,WMT
2024-06-26,55976,68.29,0.012904,14177522.0,8059794.0,0.012904,WMT
2024-06-27,55976,67.88,-0.006004,12899186.0,8059794.0,-0.006004,WMT
2024-06-28,55976,67.71,-0.002504,18816720.0,8043543.0,-0.002504,WMT
2024-07-01,55976,67.48,-0.003397,8666021.0,8043543.0,-0.003397,WMT
2024-07-02,55976,68.07,0.008743,9436487.0,8043543.0,0.008743,WMT
2024-07-03,55976,68.24,0.002497,6287545.0,8043543.0,0.002497,WMT
2024-07-05,55976,70.04,0.026378,21586100.0,8043543.0,0.026378,WMT
2024-07-08,55976,69.68,-0.00514,12077679.0,8043543.0,-0.00514,WMT
2024-07-09,55976,69.9,0.003157,9781831.0,8043543.0,0.003157,WMT
2024-07-10,55976,70.41,0.007296,10803405.0,8043543.0,0.007296,WMT
2024-07-11,55976,69.8,-0.008664,15624796.0,8043543.0,-0.008664,WMT
2024-07-12,55976,69.24,-0.008023,12145317.0,8043543.0,-0.008023,WMT
2024-07-15,55976,69.61,0.005344,10171137.0,8043543.0,0.005344,WMT
2024-07-16,55976,69.99,0.005459,9836824.0,8043543.0,0.005459,WMT
2024-07-17,55976,71.03,0.014859,13533791.0,8043543.0,0.014859,WMT
2024-07-18,55976,70.82,-0.002956,10682742.0,8043543.0,-0.002956,WMT
2024-07-19,55976,70.75,-0.000988,11665526.0,8043543.0,-0.000988,WMT
2024-07-22,55976,70.38,-0.00523,12666130.0,8043543.0,-0.00523,WMT
2024-07-23,55976,70.65,0.003836,9263561.0,8043543.0,0.003836,WMT
2024-07-24,55976,70.6,-0.000708,22490783.0,8043543.0,-0.000708,WMT
2024-07-25,55976,70.02,-0.008215,18821199.0,8043543.0,-0.008215,WMT
2024-07-26,55976,69.78,-0.003428,16789306.0,8043543.0,-0.003428,WMT
2024-07-29,55976,69.62,-0.002293,10315305.0,8043543.0,-0.002293,WMT
2024-07-30,55976,69.19,-0.006176,12522469.0,8043543.0,-0.006176,WMT
2024-07-31,55976,68.64,-0.007949,22908760.0,8043543.0,-0.007949,WMT
2024-08-01,55976,69.79,0.016754,17275532.0,8043543.0,0.016754,WMT
2024-08-02,55976,68.46,-0.019057,23578664.0,8043543.0,-0.019057,WMT
2024-08-05,55976,67.59,-0.012708,20770455.0,8043543.0,-0.012708,WMT
2024-08-06,55976,67.74,0.002219,14815072.0,8043543.0,0.002219,WMT
2024-08-07,55976,66.91,-0.012253,18499200.0,8043543.0,-0.012253,WMT
2024-08-08,55976,67.66,0.011209,12489819.0,8043543.0,0.011209,WMT
2024-08-09,55976,67.95,0.004286,13805576.0,8043543.0,0.004286,WMT
2024-08-12,55976,68.7,0.011038,17385278.0,8043543.0,0.011038,WMT
2024-08-13,55976,68.13,-0.008297,26557901.0,8043543.0,-0.008297,WMT
2024-08-14,55976,68.66,0.007779,22928551.0,8043543.0,0.007779,WMT
2024-08-15,55976,73.18,0.065832,49567500.0,8043543.0,0.065832,WMT
2024-08-16,55976,73.45,0.006525,19872144.0,8043543.0,0.003689,WMT
2024-08-19,55976,73.72,0.003676,13709265.0,8043543.0,0.003676,WMT
2024-08-20,55976,74.54,0.011123,14433985.0,8043543.0,0.011123,WMT
2024-08-21,55976,75.24,0.009391,14831992.0,8043543.0,0.009391,WMT
2024-08-22,55976,75.58,0.004519,16511139.0,8043543.0,0.004519,WMT
2024-08-23,55976,75.7,0.001588,12299093.0,8043543.0,0.001588,WMT
2024-08-26,55976,76.03,0.004359,9508215.0,8043543.0,0.004359,WMT
2024-08-27,55976,76.13,0.001315,11557762.0,8043543.0,0.001315,WMT
2024-08-28,55976,76.08,-0.000657,9814264.0,8043543.0,-0.000657,WMT
2024-08-29,55976,76.42,0.004469,11856787.0,8043543.0,0.004469,WMT
2024-08-30,55976,77.23,0.010599,23229975.0,8043543.0,0.010599,WMT
2023-10-02,86580,447.82001,0.029495,43211457.0,2470000.0,0.029495,NVDA
2023-10-03,86580,435.17001,-0.028248,46965722.0,2470000.0,-0.028248,NVDA
2023-10-04,86580,440.41,0.012041,36101075.0,2470000.0,0.012041,NVDA
2023-10-05,86580,446.88,0.014691,39268775.0,2470000.0,0.014691,NVDA
2023-10-06,86580,457.62,0.024033,43349406.0,2470000.0,0.024033,NVDA
2023-10-09,86580,452.73001,-0.010686,40908169.0,2470000.0,-0.010686,NVDA
2023-10-10,86580,457.98001,0.011596,36749136.0,2470000.0,0.011596,NVDA
2023-10-11,86580,468.06,0.02201,37730069.0,2470000.0,0.02201,NVDA
2023-10-12,86580,469.45001,0.00297,48028301.0,2470000.0,0.00297,NVDA
2023-10-13,86580,454.60999,-0.031612,47483842.0,2470000.0,-0.031612,NVDA
2023-10-16,86580,460.95001,0.013946,37467781.0,2470000.0,0.013946,NVDA
2023-10-17,86580,439.38,-0.046795,80985580.0,2470000.0,-0.046795,NVDA
2023-10-18,86580,421.95999,-0.039647,62580676.0,2470000.0,-0.039647,NVDA
2023-10-19,86580,421.01001,-0.002251,49936876.0,2470000.0,-0.002251,NVDA
2023-10-20,86580,413.87,-0.016959,47621804.0,2470000.0,-0.016959,NVDA
2023-10-23,86580,429.75,0.03837,47732968.0,2470000.0,0.03837,NVDA
2023-10-24,86580,436.63,0.016009,40095341.0,2470000.0,0.016009,NVDA
2023-10-25,86580,417.79001,-0.043149,39728729.0,2470000.0,-0.043149,NVDA
2023-10-26,86580,403.26001,-0.034778,53956131.0,2470000.0,-0.034778,NVDA
2023-10-27,86580,405.0,0.004315,41587524.0,2466000.0,0.004315,NVDA
2023-10-30,86580,411.60999,0.016321,38740430.0,2466000.0,0.016321,NVDA
2023-10-31,86580,407.79999,-0.009256,51668189.0,2466000.0,-0.009256,NVDA
2023-11-01,86580,423.25,0.037886,43346424.0,2466000.0,0.037886,NVDA
2023-11-02,86580,435.06,0.027903,40626298.0,2466000.0,0.027903,NVDA
2023-11-03,86580,450.04999,0.034455,42158270.0,2466000.0,0.034455,NVDA
2023-11-06,86580,457.51001,0.016576,39742834.0,2466000.0,0.016576,NVDA
2023-11-07,86580,459.54999,0.004459,33994870.0,2466000.0,0.004459,NVDA
2023-11-08,86580,465.73999,0.01347,34430136.0,2466000.0,0.01347,NVDA
2023-11-09,86580,469.5,0.008073,53616672.0,2466000.0,0.008073,NVDA
2023-11-10,86580,483.35001,0.0295,41928287.0,2466000.0,0.0295,NVDA
2023-11-13,86580,486.20001,0.005896,38234410.0,2466000.0,0.005896,NVDA
2023-11-14,86580,496.56,0.021308,41425247.0,2466000.0,0.021308,NVDA
2023-11-15,86580,488.88,-0.015466,47229175.0,2466000.0,-0.015466,NVDA
2023-11-16,86580,494.79999,0.012109,33684776.0,2466000.0,0.012109,NVDA
2023-11-17,86580,492.98001,-0.003678,32427425.0,2470000.0,-0.003678,NVDA
2023-11-20,86580,504.09,0.022536,41400290.0,2470000.0,0.022536,NVDA
2023-11-21,86580,499.44,-0.009225,56121903.0,2470000.0,-0.009225,NVDA
2023-11-22,86580,487.16,-0.024588,89361383.0,2470000.0,-0.024588,NVDA
2023-11-24,86580,477.76001,-0.019296,29304637.0,2470000.0,-0.019296,NVDA
2023-11-27,86580,482.42001,0.009754,39230267.0,2470000.0,0.009754,NVDA
2023-11-28,86580,478.20999,-0.008727,39897900.0,2470000.0,-0.008727,NVDA
2023-11-29,86580,481.39999,0.006671,37995435.0,2470000.0,0.006671,NVDA
2023-11-30,86580,467.70001,-0.028459,52151121.0,2470000.0,-0.028459,NVDA
2023-12-01,86580,467.64999,-0.000107,36501666.0,2470000.0,-0.000107,NVDA
2023-12-04,86580,455.10001,-0.026836,43403060.0,2470000.0,-0.026836,NVDA
2023-12-05,86580,465.66,0.023292,36895633.0,2470000.0,0.023204,NVDA
2023-12-06,86580,455.03,-0.022828,37804918.0,2470000.0,-0.022828,NVDA
2023-12-07,86580,465.95999,0.02402,34840245.0,2470000.0,0.02402,NVDA
2023-12-08,86580,475.06,0.01953,35691330.0,2470000.0,0.01953,NVDA
2023-12-11,86580,466.26999,-0.018503,50518851.0,2470000.0,-0.018503,NVDA
2023-12-12,86580,476.57001,0.02209,36893758.0,2470000.0,0.02209,NVDA
2023-12-13,86580,480.88,0.009044,44560904.0,2470000.0,0.009044,NVDA
2023-12-14,86580,483.5,0.005448,38856080.0,2470000.0,0.005448,NVDA
2023-12-15,86580,488.89999,0.011169,47794691.0,2470000.0,0.011169,NVDA
2023-12-18,86580,500.76999,0.024279,41046442.0,2470000.0,0.024279,NVDA
2023-12-19,86580,496.04001,-0.009445,46153580.0,2470000.0,-0.009445,NVDA
2023-12-20,86580,481.10999,-0.030098,39610600.0,2470000.0,-0.030098,NVDA
2023-12-21,86580,489.89999,0.01827,29893061.0,2470000.0,0.01827,NVDA
2023-12-22,86580,488.29999,-0.003266,25110428.0,2470000.0,-0.003266,NVDA
2023-12-26,86580,492.79001,0.009195,24313815.0,2470000.0,0.009195,NVDA
2023-12-27,86580,494.17001,0.0028,23303170.0,2470000.0,0.0028,NVDA
2023-12-28,86580,495.22,0.002125,24521346.0,2470000.0,0.002125,NVDA
2023-12-29,86580,495.22,0.0,38725363.0,2470000.0,0.0,NVDA
2024-01-02,86580,481.67999,-0.027341,40790139.0,2470000.0,-0.027341,NVDA
2024-01-03,86580,475.69,-0.012436,31898517.0,2470000.0,-0.012436,NVDA
2024-01-04,86580,479.98001,0.009019,30422372.0,2470000.0,0.009019,NVDA
2024-01-05,86580,490.97,0.022897,41230152.0,2470000.0,0.022897,NVDA
2024-01-08,86580,522.53003,0.064281,63799703.0,2470000.0,0.064281,NVDA
2024-01-09,86580,531.40002,0.016975,76698249.0,2470000.0,0.016975,NVDA
2024-01-10,86580,543.5,0.02277,53112251.0,2470000.0,0.02277,NVDA
2024-01-11,86580,548.21997,0.008684,59396484.0,2470000.0,0.008684,NVDA
2024-01-12,86580,547.09998,-0.002043,35211541.0,2470000.0,-0.002043,NVDA
2024-01-16,86580,563.82001,0.030561,44734748.0,2470000.0,0.030561,NVDA
2024-01-17,86580,560.53003,-0.005835,47136554.0,2470000.0,-0.005835,NVDA
2024-01-18,86580,571.07001,0.018804,48914678.0,2470000.0,0.018804,NVDA
2024-01-19,86580,594.90997,0.041746,54065666.0,2470000.0,0.041746,NVDA
2024-01-22,86580,596.53998,0.00274,45108429.0,2470000.0,0.00274,NVDA
2024-01-23,86580,598.72998,0.003671,29351962.0,2470000.0,0.003671,NVDA
2024-01-24,86580,613.62,0.024869,55764613.0,2470000.0,0.024869,NVDA
2024-01-25,86580,616.16998,0.004156,48014099.0,2470000.0,0.004156,NVDA
2024-01-26,86580,610.31,-0.00951,39348891.0,2464000.0,-0.00951,NVDA
2024-01-29,86580,624.65002,0.023496,34739327.0,2464000.0,0.023496,NVDA
2024-01-30,86580,627.73999,0.004947,40895388.0,2464000.0,0.004947,NVDA
2024-01-31,86580,615.27002,-0.019865,45033613.0,2464000.0,-0.019865,NVDA
2024-02-01,86580,630.27002,0.02438,36725561.0,2464000.0,0.02438,NVDA
2024-02-02,86580,661.59998,0.049709,47420904.0,2464000.0,0.049709,NVDA
2024-02-05,86580,693.32001,0.047944,67489419.0,2464000.0,0.047944,NVDA
2024-02-06,86580,682.22998,-0.015996,67674686.0,2464000.0,-0.015996,NVDA
2024-02-07,86580,700.98999,0.027498,49139625.0,2464000.0,0.027498,NVDA
2024-02-08,86580,696.40997,-0.006534,41130308.0,2464000.0,-0.006534,NVDA
2024-02-09,86580,721.33002,0.035784,43404245.0,2464000.0,0.035784,NVDA
2024-02-12,86580,722.47998,0.001594,60851185.0,2464000.0,0.001594,NVDA
2024-02-13,86580,721.28003,-0.001661,59980921.0,2464000.0,-0.001661,NVDA
2024-02-14,86580,739.0,0.024567,50284079.0,2464000.0,0.024567,NVDA
2024-02-15,86580,726.58002,-0.016807,41709184.0,2464000.0,-0.016807,NVDA
2024-02-16,86580,726.13,-0.000619,49227007.0,2500000.0,-0.000619,NVDA
2024-02-20,86580,694.52002,-0.043532,69950484.0,2500000.0,-0.043532,NVDA
2024-02-21,86580,674.71997,-0.028509,68413553.0,2500000.0,-0.028509,NVDA
2024-02-22,86580,785.38,0.164009,85719977.0,2500000.0,0.164009,NVDA
2024-02-23,86580,788.16998,0.003552,82320067.0,2500000.0,0.003552,NVDA
2024-02-26,86580,790.91998,0.003489,50060032.0,2500000.0,0.003489,NVDA
2024-02-27,86580,787.01001,-0.004944,38876736.0,2500000.0,-0.004944,NVDA
2024-02-28,86580,776.63,-0.013189,39032096.0,2500000.0,-0.013189,NVDA
2024-02-29,86580,791.12,0.018658,50460227.0,2500000.0,0.018658,NVDA
2024-03-01,86580,822.78998,0.040032,47599937.0,2500000.0,0.040032,NVDA
2024-03-04,86580,852.37,0.035951,61081258.0,2500000.0,0.035951,NVDA
2024-03-05,86580,859.64001,0.008576,51683713.0,2500000.0,0.008529,NVDA
2024-03-06,86580,887.0,0.031827,57900462.0,2500000.0,0.031827,NVDA
2024-03-07,86580,926.69,0.044746,60400826.0,2500000.0,0.044746,NVDA
2024-03-08,86580,875.28003,-0.055477,112995977.0,2500000.0,-0.055477,NVDA
2024-03-11,86580,857.73999,-0.020039,67249626.0,2500000.0,-0.020039,NVDA
2024-03-12,86580,919.13,0.071572,66415790.0,2500000.0,0.071572,NVDA
2024-03-13,86580,908.88,-0.011152,63070811.0,2500000.0,-0.011152,NVDA
2024-03-14,86580,879.44,-0.032392,59683913.0,2500000.0,-0.032392,NVDA
2024-03-15,86580,878.36499,-0.001222,63917042.0,2500000.0,-0.001222,NVDA
2024-03-18,86580,884.54999,0.007041,66478745.0,2500000.0,0.007041,NVDA
2024-03-19,86580,893.97998,0.010661,66656336.0,2500000.0,0.010661,NVDA
2024-03-20,86580,903.71997,0.010895,47569855.0,2500000.0,0.010895,NVDA
2024-03-21,86580,914.34998,0.011763,47748124.0,2500000.0,0.011763,NVDA
2024-03-22,86580,942.89001,0.031214,58270190.0,2500000.0,0.031214,NVDA
2024-03-25,86580,950.02002,0.007562,54793623.0,2463727.0,0.007562,NVDA
2024-03-26,86580,925.60999,-0.025694,50984136.0,2463727.0,-0.025694,NVDA
2024-03-27,86580,902.5,-0.024967,58091297.0,2463727.0,-0.024967,NVDA
2024-03-28,86580,903.56,0.001175,43249284.0,2463727.0,0.001175,NVDA
2024-04-01,86580,903.63,7.7e-05,44950494.0,2463727.0,7.7e-05,NVDA
2024-04-02,86580,894.52002,-0.010082,42967929.0,2463727.0,-0.010082,NVDA
2024-04-03,86580,889.64001,-0.005455,36749901.0,2463727.0,-0.005455,NVDA
2024-04-04,86580,859.04999,-0.034385,43144886.0,2463727.0,-0.034385,NVDA
2024-04-05,86580,880.08002,0.024481,39692919.0,2463727.0,0.024481,NVDA
2024-04-08,86580,871.33002,-0.009942,28144722.0,2463727.0,-0.009942,NVDA
2024-04-09,86580,853.53998,-0.020417,49969971.0,2463727.0,-0.020417,NVDA
2024-04-10,86580,870.39001,0.019741,42820892.0,2463727.0,0.019741,NVDA
2024-04-11,86580,906.15997,0.041097,42950954.0,2463727.0,0.041097,NVDA
2024-04-12,86580,881.85999,-0.026816,42421261.0,2463727.0,-0.026816,NVDA
2024-04-15,86580,860.01001,-0.024777,44019422.0,2463727.0,-0.024777,NVDA
2024-04-16,86580,874.15002,0.016442,36808592.0,2463727.0,0.016442,NVDA
2024-04-17,86580,840.34998,-0.038666,49273842.0,2463727.0,-0.038666,NVDA
2024-04-18,86580,846.71002,0.007568,44514057.0,2463727.0,0.007568,NVDA
2024-04-19,86580,762.0,-0.100046,86828977.0,2463727.0,-0.100046,NVDA
2024-04-22,86580,795.17999,0.043543,59161835.0,2463727.0,0.043543,NVDA
2024-04-23,86580,824.22998,0.036533,43613185.0,2463727.0,0.036533,NVDA
2024-04-24,86580,796.77002,-0.033316,50709050.0,2463727.0,-0.033316,NVDA
2024-04-25,86580,826.32001,0.037087,42253024.0,2463727.0,0.037087,NVDA
2024-04-26,86580,877.34998,0.061756,54772650.0,2459834.0,0.061756,NVDA
2024-04-29,86580,877.57001,0.000251,38633571.0,2459834.0,0.000251,NVDA
2024-04-30,86580,864.02002,-0.01544,36151625.0,2459834.0,-0.01544,NVDA
2024-05-01,86580,830.40997,-0.0389,55383614.0,2459834.0,-0.0389,NVDA
2024-05-02,86580,858.16998,0.033429,37549003.0,2459834.0,0.033429,NVDA
2024-05-03,86580,887.89001,0.034632,39643092.0,2459834.0,0.034632,NVDA
2024-05-06,86580,921.40002,0.037741,37515745.0,2459834.0,0.037741,NVDA
2024-05-07,86580,905.53998,-0.017213,43429991.0,2459834.0,-0.017213,NVDA
2024-05-08,86580,904.12,-0.001568,32411461.0,2459834.0,-0.001568,NVDA
2024-05-09,86580,887.46997,-0.018416,37839194.0,2459834.0,-0.018416,NVDA
2024-05-10,86580,898.78003,0.012744,33366010.0,2459834.0,0.012744,NVDA
2024-05-13,86580,903.98999,0.005797,28790081.0,2459834.0,0.005797,NVDA
2024-05-14,86580,913.56,0.010586,29451665.0,2459834.0,0.010586,NVDA
2024-05-15,86580,946.29999,0.035838,41475992.0,2459834.0,0.035838,NVDA
2024-05-16,86580,943.59003,-0.002864,32252924.0,2459834.0,-0.002864,NVDA
2024-05-17,86580,924.78998,-0.019924,35801535.0,2459834.0,-0.019924,NVDA
2024-05-20,86580,947.79999,0.024881,31701489.0,2459834.0,0.024881,NVDA
2024-05-21,86580,953.85999,0.006394,32650716.0,2459834.0,0.006394,NVDA
2024-05-22,86580,949.5,-0.004571,54389640.0,2459834.0,-0.004571,NVDA
2024-05-23,86580,1037.98999,0.093196,82624540.0,2459834.0,0.093196,NVDA
2024-05-24,86580,1064.68994,0.025723,42621497.0,2459834.0,0.025723,NVDA
2024-05-28,86580,1139.01001,0.069804,64779622.0,2459834.0,0.069804,NVDA
2024-05-29,86580,1148.25,0.008112,55326776.0,2459834.0,0.008112,NVDA
2024-05-30,86580,1105.0,-0.037666,48491555.0,2459834.0,-0.037666,NVDA
2024-05-31,86580,1096.32996,-0.007846,60860279.0,2459834.0,-0.007846,NVDA
2024-06-03,86580,1150.0,0.048954,43576632.0,2459834.0,0.048954,NVDA
2024-06-04,86580,1164.37,0.012496,40087683.0,2459834.0,0.012496,NVDA
2024-06-05,86580,1224.40002,0.051556,52566118.0,2459834.0,0.051556,NVDA
2024-06-06,86580,1209.97998,-0.011777,65910634.0,2459834.0,-0.011777,NVDA
2024-06-07,86580,1208.88,-0.000909,40933059.0,2456884.0,-0.000909,NVDA
2024-06-10,86580,121.79,0.007461,311284626.0,24568840.0,0.007461,NVDA
2024-06-11,86580,120.91,-0.007143,221046711.0,24568840.0,-0.007226,NVDA
2024-06-12,86580,125.2,0.035481,297346648.0,24568840.0,0.035481,NVDA
2024-06-13,86580,129.61,0.035224,258881254.0,24568840.0,0.035224,NVDA
2024-06-14,86580,131.88,0.017514,306385579.0,24568840.0,0.017514,NVDA
2024-06-17,86580,130.98,-0.006824,286085800.0,24568840.0,-0.006824,NVDA
2024-06-18,86580,135.58,0.03512,291465257.0,24568840.0,0.03512,NVDA
2024-06-20,86580,130.78,-0.035404,512238306.0,24568840.0,-0.035404,NVDA
2024-06-21,86580,126.57,-0.032192,657542346.0,24568840.0,-0.032192,NVDA
2024-06-24,86580,118.11,-0.066841,473467750.0,24568840.0,-0.066841,NVDA
2024-06-25,86580,126.09,0.067564,423405959.0,24568840.0,0.067564,NVDA
2024-06-26,86580,126.4,0.002459,360645338.0,24568840.0,0.002459,NVDA
2024-06-27,86580,123.99,-0.019067,251070946.0,24568840.0,-0.019067,NVDA
2024-06-28,86580,123.54,-0.003629,313973510.0,24568840.0,-0.003629,NVDA
2024-07-01,86580,124.3,0.006152,282504394.0,24568840.0,0.006152,NVDA
2024-07-02,86580,122.67,-0.013114,217371697.0,24568840.0,-0.013114,NVDA
2024-07-03,86580,128.28,0.045733,214173317.0,24568840.0,0.045733,NVDA
2024-07-05,86580,125.83,-0.019099,213266408.0,24568840.0,-0.019099,NVDA
2024-07-08,86580,128.2,0.018835,236404945.0,24568840.0,0.018835,NVDA
2024-07-09,86580,131.38,0.024805,285192719.0,24568840.0,0.024805,NVDA
2024-07-10,86580,134.91,0.026869,247491701.0,24568840.0,0.026869,NVDA
2024-07-11,86580,127.4,-0.055667,372269076.0,24568840.0,-0.055667,NVDA
2024-07-12,86580,129.24001,0.014443,250308154.0,24568840.0,0.014443,NVDA
2024-07-15,86580,128.44,-0.00619,207273187.0,24568840.0,-0.00619,NVDA
2024-07-16,86580,126.36,-0.016194,213721771.0,24568840.0,-0.016194,NVDA
2024-07-17,86580,117.99,-0.066239,387037622.0,24568840.0,-0.066239,NVDA
2024-07-18,86580,121.09,0.026273,318969326.0,24568840.0,0.026273,NVDA
2024-07-19,86580,117.93,-0.026096,216100336.0,24568840.0,-0.026096,NVDA
2024-07-22,86580,123.54,0.047571,256987947.0,24568840.0,0.047571,NVDA
2024-07-23,86580,122.59,-0.00769,172664795.0,24568840.0,-0.00769,NVDA
2024-07-24,86580,114.25,-0.068032,325957767.0,24568840.0,-0.068032,NVDA
2024-07-25,86580,112.28,-0.017243,455406867.0,24568840.0,-0.017243,NVDA
2024-07-26,86580,113.06,0.006947,291217574.0,24562000.0,0.006947,NVDA
2024-07-29,86580,111.59,-0.013002,247301170.0,24562000.0,-0.013002,NVDA
2024-07-30,86580,103.73,-0.070436,483073495.0,24562000.0,-0.070436,NVDA
2024-07-31,86580,117.02,0.128121,468437465.0,24562000.0,0.128121,NVDA
2024-08-01,86580,109.21,-0.066741,520074182.0,24562000.0,-0.066741,NVDA
2024-08-02,86580,107.27,-0.017764,478334302.0,24562000.0,-0.017764,NVDA
2024-08-05,86580,100.45,-0.063578,547706914.0,24562000.0,-0.063578,NVDA
2024-08-06,86580,104.25,0.03783,405604443.0,24562000.0,0.03783,NVDA
2024-08-07,86580,98.91,-0.051223,408786310.0,24562000.0,-0.051223,NVDA
2024-08-08,86580,104.97,0.061268,390107992.0,24562000.0,0.061268,NVDA
2024-08-09,86580,104.75,-0.002096,288989561.0,24562000.0,-0.002096,NVDA
2024-08-12,86580,109.02,0.040764,324345748.0,24562000.0,0.040764,NVDA
2024-08-13,86580,116.14,0.065309,311656779.0,24562000.0,0.065309,NVDA
2024-08-14,86580,118.08,0.016704,337567209.0,24562000.0,0.016704,NVDA
2024-08-15,86580,122.86,0.040481,316525354.0,24562000.0,0.040481,NVDA
2024-08-16,86580,124.58,0.014,301578985.0,24562000.0,0.014,NVDA
2024-08-19,86580,130.0,0.043506,324450211.0,24562000.0,0.043506,NVDA
2024-08-20,86580,127.25,-0.021154,299021601.0,24562000.0,-0.021154,NVDA
2024-08-21,86580,128.5,0.009823,257046811.0,24562000.0,0.009823,NVDA
2024-08-22,86580,123.74,-0.037043,374244272.0,24562000.0,-0.037043,NVDA
2024-08-23,86580,129.37,0.045499,322213587.0,24530000.0,0.045499,NVDA
2024-08-26,86580,126.46,-0.022494,338515872.0,24530000.0,-0.022494,NVDA
2024-08-27,86580,128.3,0.01455,302142431.0,24530000.0,0.01455,NVDA
2024-08-28,86580,125.61,-0.020967,444441484.0,24530000.0,-0.020967,NVDA
2024-08-29,86580,117.59,-0.063849,449910554.0,24530000.0,-0.063849,NVDA
2024-08-30,86580,119.37,0.015137,332418975.0,24530000.0,0.015137,NVDA
2023-10-02,93436,251.60001,0.005515,123801386.0,3179000.0,0.005515,TSLA
2023-10-03,93436,246.53,-0.020151,101944708.0,3179000.0,-0.020151,TSLA
2023-10-04,93436,261.16,0.059344,129647169.0,3179000.0,0.059344,TSLA
2023-10-05,93436,260.04999,-0.00425,119048664.0,3179000.0,-0.00425,TSLA
2023-10-06,93436,260.53,0.001846,118074095.0,3179000.0,0.001846,TSLA
2023-10-09,93436,259.67001,-0.003301,101321637.0,3179000.0,-0.003301,TSLA
2023-10-10,93436,263.62,0.015212,122896194.0,3179000.0,0.015212,TSLA
2023-10-11,93436,262.98999,-0.00239,103667784.0,3179000.0,-0.00239,TSLA
2023-10-12,93436,258.87,-0.015666,111444328.0,3179000.0,-0.015666,TSLA
2023-10-13,93436,251.12,-0.029938,102233881.0,3179000.0,-0.029938,TSLA
2023-10-16,93436,253.92,0.01115,88859651.0,3178921.0,0.01115,TSLA
2023-10-17,93436,254.85001,0.003663,93506544.0,3178921.0,0.003663,TSLA
2023-10-18,93436,242.67999,-0.047754,124967145.0,3178921.0,-0.047754,TSLA
2023-10-19,93436,220.11,-0.093003,171290285.0,3178921.0,-0.093003,TSLA
2023-10-20,93436,211.99001,-0.036891,137990782.0,3178921.0,-0.036891,TSLA
2023-10-23,93436,212.08,0.000425,150580228.0,3178921.0,0.000425,TSLA
2023-10-24,93436,216.52,0.020936,118142614.0,3178921.0,0.020936,TSLA
2023-10-25,93436,212.42,-0.018936,107009167.0,3178921.0,-0.018936,TSLA
2023-10-26,93436,205.75999,-0.031353,115040453.0,3178921.0,-0.031353,TSLA
2023-10-27,93436,207.3,0.007484,94871960.0,3178921.0,0.007484,TSLA
2023-10-30,93436,197.36,-0.04795,136233609.0,3178921.0,-0.04795,TSLA
2023-10-31,93436,200.84,0.017633,117995775.0,3178921.0,0.017633,TSLA
2023-11-01,93436,205.66,0.023999,121169616.0,3178921.0,0.023999,TSLA
2023-11-02,93436,218.50999,0.062482,125126870.0,3178921.0,0.062482,TSLA
2023-11-03,93436,219.96001,0.006636,119130303.0,3178921.0,0.006636,TSLA
2023-11-06,93436,219.27,-0.003137,116658009.0,3178921.0,-0.003137,TSLA
2023-11-07,93436,222.17999,0.013271,116416829.0,3178921.0,0.013271,TSLA
2023-11-08,93436,222.11,-0.000315,106100857.0,3178921.0,-0.000315,TSLA
2023-11-09,93436,209.98,-0.054613,141370646.0,3178921.0,-0.054613,TSLA
2023-11-10,93436,214.64999,0.02224,130818519.0,3178921.0,0.02224,TSLA
2023-11-13,93436,223.71001,0.042208,139344959.0,3178921.0,0.042208,TSLA
2023-11-14,93436,237.41,0.06124,149128332.0,3178921.0,0.06124,TSLA
2023-11-15,93436,242.84,0.022872,149733647.0,3178921.0,0.022872,TSLA
2023-11-16,93436,233.59,-0.038091,136142566.0,3178921.0,-0.038091,TSLA
2023-11-17,93436,234.3,0.00304,142273729.0,3178921.0,0.00304,TSLA
2023-11-20,93436,235.60001,0.005548,116103870.0,3178921.0,0.005548,TSLA
2023-11-21,93436,241.2,0.023769,122057829.0,3178921.0,0.023769,TSLA
2023-11-22,93436,234.21001,-0.02898,117575198.0,3178921.0,-0.02898,TSLA
2023-11-24,93436,235.45,0.005294,64790526.0,3178921.0,0.005294,TSLA
2023-11-27,93436,236.08,0.002676,111514924.0,3178921.0,0.002676,TSLA
2023-11-28,93436,246.72,0.04507,147518559.0,3178921.0,0.04507,TSLA
2023-11-29,93436,244.14,-0.010457,134917402.0,3178921.0,-0.010457,TSLA
2023-11-30,93436,240.08,-0.01663,131686044.0,3178921.0,-0.01663,TSLA
2023-12-01,93436,238.83,-0.005207,120589428.0,3178921.0,-0.005207,TSLA
2023-12-04,93436,235.58,-0.013608,103685304.0,3178921.0,-0.013608,TSLA
2023-12-05,93436,238.72,0.013329,137383283.0,3178921.0,0.013329,TSLA
2023-12-06,93436,239.37,0.002723,125946633.0,3178921.0,0.002723,TSLA
2023-12-07,93436,242.64,0.013661,106696749.0,3178921.0,0.013661,TSLA
2023-12-08,93436,243.84,0.004946,102674872.0,3178921.0,0.004946,TSLA
2023-12-11,93436,239.74001,-0.016814,97348481.0,3178921.0,-0.016814,TSLA
2023-12-12,93436,237.00999,-0.011387,94968562.0,3178921.0,-0.011387,TSLA
2023-12-13,93436,239.28999,0.00962,145836743.0,3178921.0,0.00962,TSLA
2023-12-14,93436,251.05,0.049145,159025080.0,3178921.0,0.049145,TSLA
2023-12-15,93436,253.5,0.009759,135321130.0,3178921.0,0.009759,TSLA
2023-12-18,93436,252.08,-0.005602,116089652.0,3178921.0,-0.005602,TSLA
2023-12-19,93436,257.22,0.02039,106287817.0,3178921.0,0.02039,TSLA
2023-12-20,93436,247.14,-0.039188,124527509.0,3178921.0,-0.039188,TSLA
2023-12-21,93436,254.5,0.029781,109157466.0,3178921.0,0.029781,TSLA
2023-12-22,93436,252.53999,-0.007701,93148541.0,3178921.0,-0.007701,TSLA
2023-12-26,93436,256.60999,0.016116,86700724.0,3178921.0,0.016116,TSLA
2023-12-27,93436,261.44,0.018822,106250779.0,3178921.0,0.018822,TSLA
2023-12-28,93436,253.17999,-0.031594,113250680.0,3178921.0,-0.031594,TSLA
2023-12-29,93436,248.48,-0.018564,100321201.0,3185000.0,-0.018564,TSLA
2024-01-02,93436,248.42,-0.000241,104255460.0,3185000.0,-0.000241,TSLA
2024-01-03,93436,238.45,-0.040134,120564191.0,3185000.0,-0.040134,TSLA
2024-01-04,93436,237.92999,-0.002181,102237086.0,3185000.0,-0.002181,TSLA
2024-01-05,93436,237.49001,-0.001849,92092968.0,3185000.0,-0.001849,TSLA
2024-01-08,93436,240.45,0.012464,84885157.0,3185000.0,0.012464,TSLA
2024-01-09,93436,234.96001,-0.022832,96239540.0,3185000.0,-0.022832,TSLA
2024-01-10,93436,233.94,-0.004341,91388885.0,3185000.0,-0.004341,TSLA
2024-01-11,93436,227.22,-0.028725,105452655.0,3185000.0,-0.028725,TSLA
2024-01-12,93436,218.89,-0.036661,123224539.0,3185000.0,-0.036661,TSLA
2024-01-16,93436,219.91,0.00466,114828202.0,3185000.0,0.00466,TSLA
2024-01-17,93436,215.55,-0.019826,102800174.0,3185000.0,-0.019826,TSLA
2024-01-18,93436,211.88,-0.017026,108116539.0,3185000.0,-0.017026,TSLA
2024-01-19,93436,212.19,0.001463,101870794.0,3185000.0,0.001463,TSLA
2024-01-22,93436,208.8,-0.015976,117176588.0,3184790.0,-0.015976,TSLA
2024-01-23,93436,209.14,0.001628,106246503.0,3184790.0,0.001628,TSLA
2024-01-24,93436,207.83,-0.006264,122589931.0,3184790.0,-0.006264,TSLA
2024-01-25,93436,182.63,-0.121253,196695464.0,3184790.0,-0.121253,TSLA
2024-01-26,93436,183.25,0.003395,106691892.0,3184790.0,0.003395,TSLA
2024-01-29,93436,190.92999,0.04191,124380363.0,3184790.0,0.04191,TSLA
2024-01-30,93436,191.59,0.003457,109597262.0,3184790.0,0.003457,TSLA
2024-01-31,93436,187.28999,-0.022444,102538604.0,3184790.0,-0.022444,TSLA
2024-02-01,93436,188.86,0.008383,91546107.0,3184790.0,0.008383,TSLA
2024-02-02,93436,187.91,-0.00503,110057385.0,3184790.0,-0.00503,TSLA
2024-02-05,93436,181.06,-0.036454,133226245.0,3184790.0,-0.036454,TSLA
2024-02-06,93436,185.10001,0.022313,121831208.0,3184790.0,0.022313,TSLA
2024-02-07,93436,187.58,0.013398,110674690.0,3184790.0,0.013398,TSLA
2024-02-08,93436,189.56,0.010556,82705299.0,3184790.0,0.010556,TSLA
2024-02-09,93436,193.57001,0.021154,84061268.0,3184790.0,0.021154,TSLA
2024-02-12,93436,188.13,-0.028104,95132907.0,3184790.0,-0.028104,TSLA
2024-02-13,93436,184.02,-0.021847,86516435.0,3184790.0,-0.021847,TSLA
2024-02-14,93436,188.71001,0.025486,80874230.0,3184790.0,0.025486,TSLA
2024-02-15,93436,200.45,0.062212,120322356.0,3184790.0,0.062212,TSLA
2024-02-16,93436,199.95,-0.002494,110998394.0,3184790.0,-0.002494,TSLA
2024-02-20,93436,193.75999,-0.030958,104162866.0,3184790.0,-0.030958,TSLA
2024-02-21,93436,194.77,0.005213,103656607.0,3184790.0,0.005213,TSLA
2024-02-22,93436,197.41,0.013554,92376113.0,3184790.0,0.013554,TSLA
2024-02-23,93436,191.97,-0.027557,78741410.0,3184790.0,-0.027557,TSLA
2024-02-26,93436,199.39999,0.038704,111284989.0,3184790.0,0.038704,TSLA
2024-02-27,93436,199.73,0.001655,108250777.0,3184790.0,0.001655,TSLA
2024-02-28,93436,202.03999,0.011566,99520536.0,3184790.0,0.011566,TSLA
2024-02-29,93436,201.88,-0.000792,85660961.0,3184790.0,-0.000792,TSLA
2024-03-01,93436,202.64,0.003765,81984193.0,3184790.0,0.003765,TSLA
2024-03-04,93436,188.14,-0.071556,134161191.0,3184790.0,-0.071556,TSLA
2024-03-05,93436,180.74001,-0.039332,118969273.0,3184790.0,-0.039332,TSLA
2024-03-06,93436,176.53999,-0.023238,107529545.0,3184790.0,-0.023238,TSLA
2024-03-07,93436,178.64999,0.011952,101743362.0,3184790.0,0.011952,TSLA
2024-03-08,93436,175.34,-0.018528,85168240.0,3184790.0,-0.018528,TSLA
2024-03-11,93436,177.77,0.013859,85036878.0,3184790.0,0.013859,TSLA
2024-03-12,93436,177.53999,-0.001294,86962145.0,3184790.0,-0.001294,TSLA
2024-03-13,93436,169.48,-0.045398,106093925.0,3184790.0,-0.045398,TSLA
2024-03-14,93436,162.5,-0.041185,125622630.0,3184790.0,-0.041185,TSLA
2024-03-15,93436,163.57001,0.006585,96842847.0,3184790.0,0.006585,TSLA
2024-03-18,93436,173.8,0.062542,107717296.0,3184790.0,0.062542,TSLA
2024-03-19,93436,171.32001,-0.014269,77110559.0,3184790.0,-0.014269,TSLA
2024-03-20,93436,175.66,0.025333,83522562.0,3184790.0,0.025333,TSLA
2024-03-21,93436,172.82001,-0.016168,72916363.0,3184790.0,-0.016168,TSLA
2024-03-22,93436,170.83,-0.011515,75128979.0,3184790.0,-0.011515,TSLA
2024-03-25,93436,172.63,0.010537,73913863.0,3184790.0,0.010537,TSLA
2024-03-26,93436,177.67,0.029195,112473255.0,3184790.0,0.029195,TSLA
2024-03-27,93436,179.83,0.012157,81493088.0,3184790.0,0.012157,TSLA
2024-03-28,93436,175.78999,-0.022466,77400344.0,3188966.0,-0.022466,TSLA
2024-04-01,93436,175.22,-0.003242,81155501.0,3188966.0,-0.003242,TSLA
2024-04-02,93436,166.63,-0.049024,115874094.0,3188966.0,-0.049024,TSLA
2024-04-03,93436,168.38,0.010502,82529268.0,3188966.0,0.010502,TSLA
2024-04-04,93436,171.11,0.016213,122623494.0,3188966.0,0.016213,TSLA
2024-04-05,93436,164.89999,-0.036293,142062697.0,3188966.0,-0.036293,TSLA
2024-04-08,93436,172.98,0.048999,103807153.0,3188966.0,0.048999,TSLA
2024-04-09,93436,176.88,0.022546,102849759.0,3188966.0,0.022546,TSLA
2024-04-10,93436,171.75999,-0.028946,84275804.0,3188966.0,-0.028946,TSLA
2024-04-11,93436,174.60001,0.016535,94039726.0,3188966.0,0.016535,TSLA
2024-04-12,93436,171.05,-0.020332,64514076.0,3188966.0,-0.020332,TSLA
2024-04-15,93436,161.48,-0.055949,99843999.0,3188966.0,-0.055949,TSLA
2024-04-16,93436,157.11,-0.027062,96527931.0,3188966.0,-0.027062,TSLA
2024-04-17,93436,155.45,-0.010566,82203768.0,3188966.0,-0.010566,TSLA
2024-04-18,93436,149.92999,-0.03551,95569571.0,3189196.0,-0.03551,TSLA
2024-04-19,93436,147.05,-0.019209,86618890.0,3189196.0,-0.019209,TSLA
2024-04-22,93436,142.05,-0.034002,106315167.0,3189196.0,-0.034002,TSLA
2024-04-23,93436,144.67999,0.018515,123645544.0,3189196.0,0.018515,TSLA
2024-04-24,93436,162.13,0.120611,180116401.0,3189196.0,0.120611,TSLA
2024-04-25,93436,170.17999,0.049651,125391229.0,3189196.0,0.049651,TSLA
2024-04-26,93436,168.28999,-0.011106,109420697.0,3189196.0,-0.011106,TSLA
2024-04-29,93436,194.05,0.153069,242135242.0,3189196.0,0.153069,TSLA
2024-04-30,93436,183.28,-0.055501,126419164.0,3189196.0,-0.055501,TSLA
2024-05-01,93436,179.99001,-0.017951,92268705.0,3189196.0,-0.017951,TSLA
2024-05-02,93436,180.00999,0.000111,88842542.0,3189196.0,0.000111,TSLA
2024-05-03,93436,181.19,0.006555,75242656.0,3189196.0,0.006555,TSLA
2024-05-06,93436,184.75999,0.019703,84070143.0,3189196.0,0.019703,TSLA
2024-05-07,93436,177.81,-0.037616,74806361.0,3189196.0,-0.037616,TSLA
2024-05-08,93436,174.72,-0.017378,79622020.0,3189196.0,-0.017378,TSLA
2024-05-09,93436,171.97,-0.01574,65668205.0,3189196.0,-0.01574,TSLA
2024-05-10,93436,168.47,-0.020352,72313728.0,3189196.0,-0.020352,TSLA
2024-05-13,93436,171.89,0.0203,66713908.0,3189196.0,0.0203,TSLA
2024-05-14,93436,177.55,0.032928,85794732.0,3189196.0,0.032928,TSLA
2024-05-15,93436,173.99001,-0.020051,79503000.0,3189196.0,-0.020051,TSLA
2024-05-16,93436,174.84,0.004885,59592685.0,3189196.0,0.004885,TSLA
2024-05-17,93436,177.46001,0.014985,77104574.0,3189196.0,0.014985,TSLA
2024-05-20,93436,174.95,-0.014144,61531173.0,3189196.0,-0.014144,TSLA
2024-05-21,93436,186.60001,0.066591,114715860.0,3189196.0,0.066591,TSLA
2024-05-22,93436,180.11,-0.03478,87972611.0,3189196.0,-0.03478,TSLA
2024-05-23,93436,173.74001,-0.035367,71670814.0,3189196.0,-0.035367,TSLA
2024-05-24,93436,179.24001,0.031657,65283235.0,3189196.0,0.031657,TSLA
2024-05-28,93436,176.75,-0.013892,59492355.0,3189196.0,-0.013892,TSLA
2024-05-29,93436,176.19,-0.003168,54520937.0,3189196.0,-0.003168,TSLA
2024-05-30,93436,178.78999,0.014757,77504359.0,3189196.0,0.014757,TSLA
2024-05-31,93436,178.08,-0.003971,67089917.0,3189196.0,-0.003971,TSLA
2024-06-03,93436,176.28999,-0.010052,68283133.0,3189196.0,-0.010052,TSLA
2024-06-04,93436,174.77,-0.008622,59802862.0,3189196.0,-0.008622,TSLA
2024-06-05,93436,175.0,0.001316,57686889.0,3189196.0,0.001316,TSLA
2024-06-06,93436,177.94,0.0168,69534831.0,3189196.0,0.0168,TSLA
2024-06-07,93436,177.48,-0.002585,56058663.0,3189196.0,-0.002585,TSLA
2024-06-10,93436,173.78999,-0.020791,50649310.0,3189196.0,-0.020791,TSLA
2024-06-11,93436,170.66,-0.01801,64311731.0,3189196.0,-0.01801,TSLA
2024-06-12,93436,177.28999,0.038849,89875669.0,3189196.0,0.038849,TSLA
2024-06-13,93436,182.47,0.029218,118150805.0,3189196.0,0.029218,TSLA
2024-06-14,93436,178.00999,-0.024442,81573527.0,3189196.0,-0.024442,TSLA
2024-06-17,93436,187.44,0.052975,109223952.0,3189196.0,0.052975,TSLA
2024-06-18,93436,184.86,-0.013764,68767958.0,3189196.0,-0.013764,TSLA
2024-06-20,93436,181.57001,-0.017797,55719320.0,3189196.0,-0.017797,TSLA
2024-06-21,93436,183.00999,0.007931,62938409.0,3189196.0,0.007931,TSLA
2024-06-24,93436,182.58,-0.00235,61684865.0,3189196.0,-0.00235,TSLA
2024-06-25,93436,187.35001,0.026126,63427431.0,3189196.0,0.026126,TSLA
2024-06-26,93436,196.37,0.048145,95249053.0,3189196.0,0.048145,TSLA
2024-06-27,93436,197.42,0.005347,72444007.0,3189196.0,0.005347,TSLA
2024-06-28,93436,197.88,0.00233,94740075.0,3194640.0,0.00233,TSLA
2024-07-01,93436,209.86,0.060542,134776412.0,3194640.0,0.060542,TSLA
2024-07-02,93436,231.25999,0.101973,203227411.0,3194640.0,0.101973,TSLA
2024-07-03,93436,246.39,0.065424,165780718.0,3194640.0,0.065424,TSLA
2024-07-05,93436,251.52,0.020821,153687026.0,3194640.0,0.020821,TSLA
2024-07-08,93436,252.94,0.005646,156490811.0,3194640.0,0.005646,TSLA
2024-07-09,93436,262.32999,0.037123,159809434.0,3194640.0,0.037123,TSLA
2024-07-10,93436,263.26001,0.003545,127893508.0,3194640.0,0.003545,TSLA
2024-07-11,93436,241.03,-0.084441,219357715.0,3194640.0,-0.084441,TSLA
2024-07-12,93436,248.23,0.029872,154612489.0,3194640.0,0.029872,TSLA
2024-07-15,93436,252.64,0.017766,146348082.0,3194640.0,0.017766,TSLA
2024-07-16,93436,256.56,0.015516,125686009.0,3194640.0,0.015516,TSLA
2024-07-17,93436,248.5,-0.031416,114960162.0,3194640.0,-0.031416,TSLA
2024-07-18,93436,249.23,0.002938,110362908.0,3194640.0,0.002938,TSLA
2024-07-19,93436,239.2,-0.040244,86837222.0,3194640.0,-0.040244,TSLA
2024-07-22,93436,251.50999,0.051463,100736024.0,3194640.0,0.051463,TSLA
2024-07-23,93436,246.38,-0.020397,111248663.0,3194640.0,-0.020397,TSLA
2024-07-24,93436,215.99001,-0.123346,166518564.0,3194640.0,-0.123346,TSLA
2024-07-25,93436,220.25,0.019723,100062765.0,3194640.0,0.019723,TSLA
2024-07-26,93436,219.8,-0.002043,94187844.0,3194640.0,-0.002043,TSLA
2024-07-29,93436,232.10001,0.05596,128559412.0,3194640.0,0.05596,TSLA
2024-07-30,93436,222.62,-0.040845,100557291.0,3194640.0,-0.040845,TSLA
2024-07-31,93436,232.07001,0.042449,67094165.0,3194640.0,0.042449,TSLA
2024-08-01,93436,216.86,-0.065541,83329169.0,3194640.0,-0.065541,TSLA
2024-08-02,93436,207.67,-0.042378,82162428.0,3194640.0,-0.042378,TSLA
2024-08-05,93436,198.88,-0.042327,99182169.0,3194640.0,-0.042327,TSLA
2024-08-06,93436,200.64,0.00885,73312599.0,3194640.0,0.00885,TSLA
2024-08-07,93436,191.75999,-0.044258,70880262.0,3194640.0,-0.044258,TSLA
2024-08-08,93436,198.84,0.036921,64711407.0,3194640.0,0.036921,TSLA
2024-08-09,93436,200.0,0.005834,58358024.0,3194640.0,0.005834,TSLA
2024-08-12,93436,197.49001,-0.01255,63901440.0,3194640.0,-0.01255,TSLA
2024-08-13,93436,207.83,0.052357,76002458.0,3194640.0,0.052357,TSLA
2024-08-14,93436,201.38,-0.031035,69917072.0,3194640.0,-0.031035,TSLA
2024-08-15,93436,214.14,0.063363,89426567.0,3194640.0,0.063363,TSLA
2024-08-16,93436,216.12,0.009246,88500568.0,3194640.0,0.009246,TSLA
2024-08-19,93436,222.72,0.030539,76212517.0,3194640.0,0.030539,TSLA
2024-08-20,93436,221.10001,-0.007274,73715439.0,3194640.0,-0.007274,TSLA
2024-08-21,93436,223.27,0.009815,70010477.0,3194640.0,0.009815,TSLA
2024-08-22,93436,210.66,-0.056479,79294313.0,3194640.0,-0.056479,TSLA
2024-08-23,93436,220.32001,0.045856,81204885.0,3194640.0,0.045856,TSLA
2024-08-26,93436,213.21001,-0.032271,59063220.0,3194640.0,-0.032271,TSLA
2024-08-27,93436,209.21001,-0.018761,62692900.0,3194640.0,-0.018761,TSLA
2024-08-28,93436,205.75,-0.016538,63877886.0,3194640.0,-0.016538,TSLA
2024-08-29,93436,206.28,0.002576,62056053.0,3194640.0,0.002576,TSLA
2024-08-30,93436,214.11,0.037958,63024686.0,3194640.0,0.037958,TSLA
